id,fault_severity,real
14121,0.00142963950926,0.000000
9320,0.00158502211248,0.000000
14394,0.00093209640275,0.000000
8218,0.0693614494535,0.000000
14804,0.0051561326374,0.000000
1080,0.119918715527,0.000000
9731,0.0741411221868,0.000000
15505,0.000203823745597,0.000000
3443,0.000359367575226,0.000000
13300,0.454934215283,0.000000
8976,0.159388415884,0.000000
7965,0.000359367575226,0.000000
10342,0.0949861505276,0.000000
6741,0.0766829620933,0.000000
7187,0.0548060427771,0.000000
16780,0.00740478763257,0.000000
14195,0.000175861758887,0.000000
14025,0.306241731727,0.000000
8548,0.1220021953,0.000000
9566,0.378679324159,0.000000
15652,0.197394697939,0.000000
3931,0.0594471042186,0.000000
4557,0.0218340142464,0.000000
3610,0.00568796528823,0.000000
16574,0.0431820890352,0.000000
7504,0.0392439992026,0.000000
9735,0.278253946013,0.000000
14048,0.302360260365,0.000000
6769,0.117017437043,0.000000
2514,0.0254996346084,0.000000
896,0.0518543336459,0.000000
4757,0.00087157981161,0.000000
16358,0.047899737252,0.000000
11810,0.000817408197469,0.000000
7274,0.15500731527,0.000000
2972,0.0010122143674,0.000000
7392,0.000212255586713,0.000000
6824,0.0111697030646,0.000000
4311,0.279842079979,1.000000
12261,0.0855279974928,1.000000
14752,0.0769489124926,0.000000
14992,0.0340037257214,1.000000
967,0.236876268272,1.000000
8059,0.0559914677337,0.000000
13406,0.0679018040426,0.000000
11424,0.000402581762866,0.000000
3945,0.537784754879,1.000000
10351,0.234663239507,1.000000
2272,0.000303748246513,0.000000
10752,0.000516781661741,0.000000
17096,0.468426049932,1.000000
17314,0.446528166102,1.000000
12770,0.151060590927,0.000000
3304,0.0397307371758,0.000000
9012,0.047899737252,0.000000
9928,0.278667546282,1.000000
297,0.0972619740968,1.000000
5751,0.000887299087692,0.000000
17692,0.0145808781032,0.000000
3688,0.006567149786,0.000000
3425,0.148965064082,0.000000
7871,0.499789967938,0.000000
10013,0.014036456693,0.000000
13832,0.0508436456606,0.000000
11743,0.317001015407,0.000000
10099,0.100798644971,0.000000
16682,0.0434063818694,0.000000
10156,0.00015294618416,0.000000
16154,0.123559144568,0.000000
14176,0.0078313474227,0.000000
14964,0.506545345777,1.000000
12896,0.636263579076,1.000000
7288,0.344822484266,1.000000
15882,0.250665408016,0.000000
12441,0.00626477493513,0.000000
17248,4.65223871551e-05,0.000000
16745,0.180032433847,0.000000
5315,0.406064485338,0.000000
17118,0.146809598233,0.000000
7725,0.0271922422141,0.000000
2311,0.000364574319462,0.000000
4292,0.049157934446,0.000000
15773,0.00133201284939,0.000000
6531,0.000348541062505,0.000000
16009,0.0274104036944,0.000000
11930,0.00117432031755,0.000000
8541,0.00127651241643,0.000000
11019,0.0454805626355,0.000000
8274,9.32691635597e-05,0.000000
722,0.246205187831,0.000000
12305,0.00093209640275,0.000000
11444,0.323113934361,0.000000
4006,0.471566930855,0.000000
9231,0.146924669208,0.000000
6821,0.000469250756327,0.000000
12888,0.0110390334158,0.000000
6779,0.000179647011204,0.000000
11232,0.000976942908768,0.000000
11685,0.15052053262,1.000000
1318,0.0257734962369,0.000000
909,0.0211437256758,0.000000
18511,0.0543415354619,0.000000
16460,0.000688398324998,0.000000
12008,0.00119941112202,0.000000
6811,0.000457925876217,0.000000
16071,0.0168777962911,0.000000
4486,0.125504164955,0.000000
183,0.103258234515,0.000000
5729,0.00982605851359,0.000000
15368,0.108061325948,0.000000
5064,0.114274228394,0.000000
11530,0.0009767306386,0.000000
14860,0.293476395005,0.000000
13166,0.024569359162,0.000000
14528,0.000410005031973,0.000000
4202,0.0544047256303,0.000000
3916,0.273215252996,0.000000
11454,0.047899737252,0.000000
12297,0.2803308237,0.000000
553,0.476523396787,0.000000
10390,0.125917763154,0.000000
5056,0.000562070923312,0.000000
10503,0.000624730748827,0.000000
1835,0.0584478505915,0.000000
10085,0.00127945635659,0.000000
13807,0.295311110878,0.000000
11318,0.000564957212693,0.000000
533,0.00568796528823,0.000000
10538,0.0793032029236,0.000000
11549,0.0654015484871,0.000000
16900,0.0476714508403,0.000000
599,0.0654015484871,0.000000
11700,0.282640079486,0.000000
18331,0.0280838255934,0.000000
5381,0.269216945638,1.000000
13638,0.108247048222,0.000000
2703,0.147157162669,0.000000
13686,0.283166265725,0.000000
6240,0.532045004285,1.000000
8546,0.208771287138,0.000000
4578,0.0157287899639,0.000000
15870,0.202585796008,0.000000
17084,0.00869339642812,0.000000
4114,0.0913164501538,0.000000
8011,0.256626714568,0.000000
6588,0.00040382175421,0.000000
12490,0.132060637658,1.000000
3975,0.00076095068687,0.000000
4720,0.000770696509921,0.000000
15209,0.220044734712,0.000000
6092,0.132741176794,0.000000
9426,0.384935097333,0.000000
2307,0.00149141661475,0.000000
13291,0.059748803794,0.000000
17245,0.00835704102117,0.000000
11726,0.112867203029,0.000000
15486,0.143808963125,0.000000
9033,0.200205928385,1.000000
9959,0.160289311566,0.000000
3798,0.00125092857086,0.000000
15624,0.436708367311,0.000000
5995,6.81374628517e-05,0.000000
9644,0.195141627342,0.000000
10779,0.000465556414719,0.000000
9734,0.000114707682059,0.000000
14954,0.112041462181,0.000000
15493,0.0896803119926,0.000000
6222,0.0330610467625,0.000000
17390,0.0109601506714,0.000000
6826,0.0330610467625,0.000000
8611,0.0693997906048,1.000000
9087,0.256126401014,0.000000
17472,0.0220489872428,0.000000
12760,0.000817408197469,0.000000
4963,0.481944679015,1.000000
6225,0.601165200723,0.000000
7959,0.185500531434,0.000000
1773,0.0159467984306,0.000000
6136,0.000157270356126,0.000000
5965,0.170054158196,0.000000
5390,0.000887299087692,0.000000
13663,0.45277234775,1.000000
4501,0.0654443187572,0.000000
13442,0.0797925166163,0.000000
6958,0.0355073977798,0.000000
16339,0.0666371414502,0.000000
9372,0.0435922112338,0.000000
5576,0.0348999212803,0.000000
663,0.699882240781,0.000000
1473,0.0722445151887,0.000000
949,0.0889468921117,0.000000
10513,0.0944173922151,0.000000
14289,0.0642539217813,0.000000
15260,0.0107721615608,0.000000
9812,0.112794368008,0.000000
4916,0.468668820508,1.000000
17515,0.113995886677,1.000000
17388,0.000817408197469,0.000000
4450,0.0316837582417,0.000000
16258,0.0402876284144,0.000000
10528,0.00108325013698,0.000000
4003,0.000539819292245,0.000000
3954,0.00124830282667,0.000000
13945,0.0655748955709,0.000000
15607,0.0903146973231,0.000000
11897,0.469137911892,0.000000
12609,0.274578714847,0.000000
10122,0.000408070760275,0.000000
7886,0.00239680939384,0.000000
15771,0.244610373254,0.000000
17681,0.077831713466,0.000000
15863,0.0846776366362,1.000000
17690,0.240169974961,0.000000
8606,0.00131318944886,0.000000
11362,0.00131862833555,0.000000
4604,0.150189522333,0.000000
5480,0.000596333318109,0.000000
12277,0.245967425716,1.000000
1400,0.00135574337716,0.000000
6687,0.00155858904447,0.000000
11153,0.0313262689158,0.000000
8313,0.338354924821,1.000000
5787,0.000359367575226,0.000000
741,0.0602639867551,0.000000
16502,0.238465003488,0.000000
4036,0.615866887185,0.000000
5029,0.047899737252,0.000000
18158,0.422052944997,0.000000
18441,0.00145974165757,0.000000
4268,0.00777367285987,0.000000
4092,0.471005244193,0.000000
16819,0.0033684133184,0.000000
7774,0.537764102471,1.000000
5824,0.0135107331178,0.000000
7295,0.365796884238,0.000000
18146,0.112893910609,0.000000
17409,0.332137101704,1.000000
6095,0.0846473177434,0.000000
9032,0.095658855048,0.000000
5210,0.00125170221103,0.000000
11177,0.000939638252525,0.000000
12324,0.103557777626,0.000000
1697,0.079175611031,0.000000
3106,0.0607704091867,0.000000
7824,0.000518874188237,0.000000
2588,0.387571667864,0.000000
13644,0.00568796528823,0.000000
13082,0.000722338341324,0.000000
8150,0.00142589715503,0.000000
6234,0.512871521893,0.000000
10350,0.00101178863577,0.000000
13538,0.0271922422141,0.000000
2338,0.00138425303531,0.000000
17947,0.000148641202808,0.000000
9786,0.20136813938,0.000000
9514,0.0463767142011,0.000000
13670,0.0323396332091,0.000000
15482,0.137715753186,0.000000
12517,0.0723156893426,0.000000
411,0.343322012365,0.000000
10237,0.0900108034069,0.000000
12734,0.477898911011,0.000000
10863,0.000817408197469,0.000000
11390,0.0441535487265,0.000000
5260,0.115973040993,0.000000
8244,0.000988989399814,0.000000
4161,0.104597991061,0.000000
16354,0.0869300809795,0.000000
15236,0.00143430350032,0.000000
14877,0.0666371414502,0.000000
4810,0.00132583605547,0.000000
4637,0.0559914677337,0.000000
14124,0.0913164501538,0.000000
4737,0.00117830941319,0.000000
5377,0.114073841358,0.000000
14696,0.504212235108,0.000000
2880,0.0800630047001,0.000000
17021,0.0028470648372,0.000000
11043,0.00129703790547,0.000000
6,0.00740478763257,0.000000
2380,0.549338024906,0.000000
6563,0.0414798777195,0.000000
2273,0.108030733872,0.000000
1743,0.0337872354934,0.000000
12919,0.422052944997,1.000000
7922,0.372351443875,0.000000
8201,0.0744618067273,0.000000
13659,0.000538201307512,0.000000
2861,0.335465801388,0.000000
17883,0.203131877011,1.000000
17057,0.000172246478136,0.000000
12316,0.000247266912048,0.000000
12541,0.0529192800423,0.000000
363,0.380567649254,0.000000
4166,0.0619079086534,0.000000
8354,0.431053506047,0.000000
9160,0.0904063739193,0.000000
1476,0.00887050058618,0.000000
8193,0.0638635105811,0.000000
12708,0.0964479785484,0.000000
13410,0.000117217217345,0.000000
12066,0.00062326869049,0.000000
8570,0.107029350508,0.000000
4204,0.0611022439205,0.000000
18290,0.00151697982847,0.000000
11441,0.537764102471,1.000000
17975,0.122406236676,0.000000
11262,0.298645364437,0.000000
3768,0.297011244519,0.000000
11418,0.00151868526914,0.000000
13813,0.118838905284,0.000000
1665,0.160178766768,0.000000
4170,0.0654015484871,0.000000
12798,0.24832115307,0.000000
681,0.095658855048,0.000000
319,0.046200075145,0.000000
17956,0.00100401220319,0.000000
429,0.110299412189,0.000000
6663,0.0722445151887,0.000000
10586,0.0038980118331,0.000000
8583,0.0514863051021,0.000000
8030,0.000860068560839,0.000000
5099,0.00124966859713,0.000000
446,0.0286104736749,0.000000
5725,0.061060289675,0.000000
15436,0.451125247879,0.000000
6758,0.000870778242157,0.000000
6449,0.000542978441504,0.000000
4552,0.668250283862,0.000000
17865,0.4389774287,0.000000
1645,0.100069584509,0.000000
1308,0.000875507700851,0.000000
8781,0.00118675918744,0.000000
831,0.000199593555756,0.000000
15145,0.374022981657,0.000000
17654,0.000507918564718,0.000000
603,0.000550025895865,0.000000
5962,0.00016186924593,0.000000
11520,0.0913164501538,0.000000
10341,0.0149906875821,0.000000
5070,0.5746045905,0.000000
1197,0.00148985848302,0.000000
6187,0.277261897728,0.000000
733,0.127412519917,0.000000
2242,0.000210800949919,0.000000
479,0.1211031182,0.000000
12362,0.000800108111063,0.000000
14596,0.000357002940527,0.000000
6801,0.463275280408,0.000000
4896,0.000224069190684,0.000000
3287,0.419770756669,0.000000
8377,0.000436800891567,0.000000
14233,0.0831651692195,0.000000
5065,0.16912158421,0.000000
6233,0.00157077220288,0.000000
4160,0.047899737252,0.000000
16840,0.00156824408616,0.000000
18192,0.0271922422141,0.000000
7711,0.0652579597292,0.000000
7254,0.166304159893,0.000000
3214,0.168677513684,0.000000
14597,0.0239117033891,0.000000
15086,0.623255428546,1.000000
8686,4.97988153058e-05,0.000000
16989,0.233816750973,1.000000
420,0.0122062226656,0.000000
16891,0.00125348184129,0.000000
8046,0.16331442798,0.000000
7484,0.000835253070899,0.000000
14880,0.0621351766899,0.000000
16049,0.321502033216,0.000000
227,0.38143931627,0.000000
1387,0.000113143459338,0.000000
12011,0.00125655649899,0.000000
6123,0.124092378689,0.000000
8935,0.0594471042186,0.000000
2865,0.0239117033891,0.000000
17241,0.0350448301063,0.000000
5237,0.047899737252,0.000000
3185,0.000289370159648,0.000000
4691,0.00050849282921,0.000000
8423,0.000652726872274,0.000000
17894,0.0355073977798,0.000000
14642,0.000836032499235,0.000000
5292,0.000487649732027,0.000000
3670,0.0660918817826,0.000000
7301,0.188217134968,0.000000
2105,0.000728594348972,0.000000
1954,0.0128156994634,0.000000
7699,0.0184518873533,0.000000
15680,0.0990714303446,0.000000
16960,0.000594925700144,0.000000
2476,0.0004970012623,0.000000
4646,0.000785910258142,0.000000
4826,0.000485403921464,0.000000
14595,0.0525672741001,0.000000
12970,0.00710992764182,0.000000
9353,9.15506809461e-05,0.000000
17222,0.000464763152551,0.000000
10057,0.000342095815069,0.000000
12864,0.441325488417,1.000000
16999,0.0630199541895,0.000000
2692,0.000988989399814,0.000000
14976,0.109146585915,0.000000
6847,0.000371276890874,0.000000
15784,0.211717435982,0.000000
8439,0.00115089454889,0.000000
7067,0.4003858721,0.000000
18113,0.000359367575226,0.000000
17415,0.047899737252,0.000000
12978,0.0800433072156,0.000000
5459,0.0254755048471,0.000000
10742,0.0721528512408,0.000000
497,0.000553338662731,0.000000
6646,0.033056124552,0.000000
12958,0.402323928622,0.000000
5394,0.047899737252,0.000000
12610,0.00896200881004,0.000000
5926,0.00549052701228,0.000000
9713,0.00117567848725,0.000000
7364,0.047899737252,0.000000
5311,0.0438191914119,0.000000
13337,0.000282164305622,0.000000
11149,0.000324890962583,0.000000
6938,0.11612740377,0.000000
14109,0.132060637658,0.000000
16926,0.000645594906775,0.000000
5219,0.00139547048227,0.000000
14939,0.0542878024512,0.000000
6492,0.0438191914119,0.000000
4107,0.0508701272647,0.000000
506,0.0848338896171,0.000000
2435,0.0639856363917,0.000000
12376,0.13356245662,0.000000
135,0.0828837406289,0.000000
9605,0.00154418626646,0.000000
13872,0.0342649896138,0.000000
15057,0.554105494594,0.000000
11020,0.0286104736749,0.000000
3536,0.0996374041112,0.000000
14249,0.335000171438,1.000000
3979,0.00115175473626,0.000000
8293,0.00568796528823,0.000000
2987,0.00078998908347,0.000000
2361,0.71006167665,1.000000
11595,0.18440010414,1.000000
15473,0.248205148905,0.000000
8927,0.00152460541609,0.000000
7128,0.443983079018,0.000000
5580,0.0752850765774,0.000000
2302,0.110951749681,0.000000
3332,0.00131589945118,0.000000
15011,0.0392439992026,0.000000
3262,0.172404098908,0.000000
8459,0.487894122177,0.000000
3303,0.0384239280243,0.000000
7207,0.000412506660195,0.000000
2560,0.000372811594831,0.000000
5935,0.00125655649899,0.000000
17817,0.000446982007561,0.000000
6081,0.125404350279,0.000000
1244,0.000113143459338,0.000000
784,0.00140061147031,0.000000
5703,0.5574786295,1.000000
4848,0.172894515761,0.000000
5634,0.0423826196242,0.000000
16696,0.104491102256,0.000000
12619,0.00869339642812,0.000000
15671,0.000359367575226,0.000000
12676,0.000165147861349,0.000000
18093,0.0557111480501,0.000000
11855,0.00936447975449,0.000000
1456,0.107780243457,0.000000
17460,0.0857912140461,0.000000
12099,0.0392403538231,0.000000
274,0.0015192187552,0.000000
105,9.20492706616e-05,0.000000
13301,0.0556728973223,0.000000
12782,0.227490144057,1.000000
8928,8.11058550741e-05,0.000000
11604,0.047899737252,0.000000
16445,0.0528859744582,0.000000
16694,0.284276911982,0.000000
646,0.000736841522469,0.000000
11171,0.0826081147055,0.000000
18228,0.560721521923,1.000000
1104,0.0542016011789,0.000000
16966,0.000122446136227,0.000000
16874,0.113956309997,0.000000
18127,0.0248346399158,0.000000
1205,0.00125067701496,0.000000
3172,0.000608895418769,0.000000
18535,0.000176744957094,0.000000
8729,0.177578302779,0.000000
3384,0.275900801291,0.000000
7640,0.160083011172,0.000000
7007,0.024569359162,0.000000
11469,0.0003581751598,0.000000
16837,0.133403750708,0.000000
17237,0.0528859744582,0.000000
19,0.0927480049492,0.000000
14290,0.000518874188237,0.000000
6761,0.00851633980496,0.000000
15850,0.00089541100318,0.000000
16249,0.000975957164899,0.000000
11170,0.00568796528823,0.000000
9380,0.0508486509501,0.000000
1790,0.00740478763257,0.000000
14735,0.41647616039,1.000000
14241,0.0926468153789,0.000000
5689,0.00151325047236,0.000000
14799,0.0387494827932,0.000000
15037,0.047899737252,0.000000
17745,0.238782158224,0.000000
874,0.266307501744,1.000000
11724,0.227490144057,0.000000
12109,0.0885013257085,0.000000
2589,0.119918715527,0.000000
1619,0.0463589042813,0.000000
9224,0.0518543336459,0.000000
6197,0.0194485599207,0.000000
6643,0.0840998878112,0.000000
14544,0.047899737252,0.000000
14337,0.047899737252,0.000000
16159,0.000800142775283,0.000000
12623,0.0107721615608,0.000000
11193,0.121213193399,0.000000
10700,0.000359367575226,0.000000
1264,0.254886820922,0.000000
18386,0.000982310309836,0.000000
5364,0.000219657443312,0.000000
16123,0.0392439992026,0.000000
6111,0.086849636581,0.000000
7607,0.375756596462,1.000000
14830,0.0265583612712,0.000000
12961,0.148674631377,1.000000
16230,0.313677466667,0.000000
8174,0.0508064664483,0.000000
15369,0.187609440855,0.000000
4558,0.000780241378409,0.000000
12259,0.0273317389199,0.000000
14532,0.108461774141,0.000000
6004,0.000472048547785,0.000000
12646,0.000817408197469,0.000000
8685,0.00110858505174,0.000000
11183,0.091773172336,0.000000
8953,0.000359367575226,0.000000
17491,0.012967581736,0.000000
13130,0.000303247977303,0.000000
14740,0.0421471055276,0.000000
532,0.024569359162,0.000000
13907,0.019225552,0.000000
18363,0.189461754695,0.000000
10422,0.0218340142464,0.000000
6041,0.26887619276,0.000000
8590,0.137151061036,1.000000
17319,0.00136896089096,0.000000
14844,0.0631171377542,0.000000
6719,0.452422246841,1.000000
417,0.00967669913225,0.000000
16552,0.0622534522509,0.000000
2145,0.00149447719838,0.000000
13169,0.047899737252,0.000000
15657,0.000627650010075,0.000000
17361,0.00158042196183,0.000000
17844,0.00127027162222,0.000000
16368,0.00110134598287,0.000000
4652,0.188217134968,0.000000
4238,0.173712831997,0.000000
7490,0.523406924486,1.000000
8847,0.238465003488,0.000000
11995,0.603411570972,0.000000
7139,0.000652726872274,0.000000
6002,0.00134590935989,0.000000
14402,0.0913164501538,0.000000
14409,0.0854550797186,0.000000
1098,0.0592752932906,0.000000
12774,7.38590901179e-06,0.000000
5249,0.25935556103,1.000000
1382,0.240169974961,1.000000
15226,0.047899737252,0.000000
94,0.0744870008437,1.000000
9591,0.00869339642812,0.000000
11886,0.071393195532,0.000000
1621,0.0557111480501,0.000000
810,0.0457642167171,0.000000
8536,0.000113143459338,0.000000
3169,0.000176370808832,0.000000
6788,0.191161530592,1.000000
3111,0.119918715527,0.000000
4080,0.047899737252,0.000000
18193,0.000113143459338,0.000000
16218,0.285012458971,0.000000
4246,0.0033684133184,0.000000
14125,0.160083011172,0.000000
821,0.0747165868064,0.000000
13006,0.00887050058618,0.000000
18173,0.047899737252,0.000000
11276,0.395448707934,0.000000
10371,0.000791690888139,0.000000
9261,0.000204826087203,0.000000
18297,0.170038694651,0.000000
912,0.0594471042186,0.000000
7579,0.255010570024,0.000000
10263,0.000180315091405,0.000000
18391,0.420321773277,0.000000
16015,0.294018344261,0.000000
17938,0.000175178331743,0.000000
2894,0.154917843303,0.000000
6648,0.207975333959,0.000000
11137,0.0944173922151,1.000000
17054,0.000689372188927,0.000000
6495,0.0242722153109,0.000000
10070,0.000125034705623,0.000000
11029,0.0424596478223,0.000000
16043,0.00122484429705,0.000000
12529,0.0707140232828,0.000000
9536,0.000860068560839,0.000000
5281,0.131907487222,0.000000
14815,0.0595340211938,0.000000
11651,0.000113143459338,0.000000
6697,0.0592780738117,0.000000
488,0.0107721615608,0.000000
9228,0.05658951331,0.000000
6298,0.243575640606,1.000000
12674,0.000359367575226,0.000000
18262,0.000518874188237,0.000000
3569,0.125783753022,0.000000
17870,0.000612654933252,0.000000
2074,0.00137656705029,0.000000
16700,0.595910827812,1.000000
8286,0.00153674262052,0.000000
6739,0.00962420726371,0.000000
13417,0.16590611289,0.000000
12365,0.0971122434274,0.000000
6966,0.0465502879178,0.000000
6572,0.014036456693,0.000000
8558,0.228100232571,0.000000
11860,0.000565475360219,0.000000
15193,0.100147861541,0.000000
17502,0.0866182468736,0.000000
13120,0.000822763790519,0.000000
17275,0.0387494827932,0.000000
16879,0.0271922422141,0.000000
18392,0.00110906733154,0.000000
11333,0.000142084578048,0.000000
16107,0.381548302855,0.000000
2054,0.000229225244388,0.000000
6395,0.00048048249883,0.000000
14049,0.000262915392617,0.000000
10894,0.000532151967804,0.000000
6591,0.110143005998,0.000000
11403,0.215942318521,0.000000
18213,0.0435217321453,0.000000
1691,0.000105839378089,0.000000
13032,0.0320150999978,0.000000
13322,0.230411778615,0.000000
1974,0.0355073977798,0.000000
8387,0.00982605851359,0.000000
9942,0.00147290248127,0.000000
9577,0.0594471042186,0.000000
5904,0.000899251410137,0.000000
7456,0.000518874188237,0.000000
14265,0.0326619882251,0.000000
17219,0.000941065483354,0.000000
1086,0.124092378689,0.000000
17788,0.000236788599694,0.000000
5336,0.000286646208732,0.000000
1314,0.317001015407,0.000000
7208,0.188217134968,0.000000
10998,0.250717589578,0.000000
2143,0.0947236075511,0.000000
1164,0.179358680389,1.000000
6471,0.244017453699,1.000000
9099,0.319828806659,0.000000
13296,0.0944173922151,0.000000
978,0.0157687978884,0.000000
3645,0.000205453093528,0.000000
4802,0.00019533888267,0.000000
10027,0.45984329956,0.000000
1022,0.12527955311,1.000000
11848,0.220879820488,0.000000
15419,0.00568796528823,0.000000
3058,0.00019533888267,0.000000
7001,0.465074656657,1.000000
8160,0.218882410015,0.000000
14414,0.436151132774,1.000000
8415,0.0244784023387,0.000000
12471,0.0038980118331,0.000000
11077,0.000364130299533,0.000000
7847,0.132514568119,0.000000
6851,0.000962808856983,0.000000
4852,0.048469637651,0.000000
3982,0.00598942155166,0.000000
8727,0.0288661715113,0.000000
10683,0.000652726872274,0.000000
9412,0.000149402505604,0.000000
6288,0.0330610467625,0.000000
18012,0.0111697030646,0.000000
6261,0.000594486736092,0.000000
8481,0.0967406308872,0.000000
7926,0.000417517923431,0.000000
8789,0.417133455774,1.000000
2542,0.226851790754,0.000000
3571,0.358348470105,0.000000
5602,0.0561205562697,0.000000
570,0.0329182038865,0.000000
18452,0.000670273750948,0.000000
10478,0.110713713551,1.000000
9793,0.00144164417904,0.000000
7516,0.00740478763257,0.000000
15506,0.581812451222,0.000000
4969,0.0180978858897,0.000000
11738,0.298276151325,0.000000
9037,0.000555476791449,0.000000
2180,0.0733910117278,0.000000
4831,0.134766832376,0.000000
4524,0.282577782661,0.000000
897,0.00140624898907,0.000000
11590,0.047899737252,0.000000
16275,0.629571980807,1.000000
6421,0.124815442806,0.000000
12977,0.000864278033934,0.000000
10389,0.000467201391138,0.000000
716,0.120643824507,1.000000
3821,0.0744618067273,0.000000
9584,0.000136165070191,0.000000
18110,0.308312326009,1.000000
2184,0.165458374365,0.000000
4253,0.258521632334,0.000000
149,0.000206209575137,0.000000
18163,0.00135303907616,0.000000
17847,0.000270865315778,0.000000
14558,0.491333332287,0.000000
16573,0.0654015484871,0.000000
18039,0.0108052370765,0.000000
1428,0.125783753022,0.000000
13919,0.0541453835841,0.000000
5775,0.399829689649,0.000000
12068,0.160463144811,0.000000
2596,0.00149374956074,0.000000
15036,0.159745573863,0.000000
13999,0.225153038083,0.000000
3182,0.00108191831339,0.000000
18498,0.142899604675,0.000000
2860,0.136911674776,0.000000
6724,0.326876815698,0.000000
5413,0.511181849251,1.000000
1716,0.269340292111,0.000000
1699,0.000447501010735,0.000000
7576,0.0113526806855,0.000000
14634,0.000315074207382,0.000000
11523,0.00568796528823,0.000000
18341,0.00151361671601,0.000000
16010,0.106926874655,0.000000
12862,0.310937377352,0.000000
1492,0.0180978858897,0.000000
12573,0.111411565302,0.000000
9422,0.000294974195425,0.000000
9444,0.256533975132,0.000000
1646,0.0660918817826,0.000000
1447,0.0453814022698,0.000000
14855,9.23997665877e-05,0.000000
8602,0.000799078846481,0.000000
6700,0.00141821939362,0.000000
9205,0.0355073977798,0.000000
8176,0.227490144057,0.000000
8376,0.000359367575226,0.000000
12353,0.319828806659,0.000000
14661,0.0913164501538,0.000000
14212,0.199898947108,1.000000
6694,0.089087775714,0.000000
385,0.189485880195,0.000000
13113,0.0224386473637,0.000000
7670,0.000706308489927,0.000000
10675,0.157832152818,1.000000
2221,0.147157162669,0.000000
7758,0.0623971311589,0.000000
11979,0.000516793490904,0.000000
1217,0.000683974265397,0.000000
16468,0.0157164620897,0.000000
6061,0.144984096155,0.000000
17735,0.100069584509,0.000000
18275,0.000624730748827,0.000000
16407,0.0239117033891,0.000000
4042,0.000191309041511,0.000000
501,0.000364298295199,0.000000
9005,0.000583492985302,0.000000
4972,0.000835253070899,0.000000
8107,0.0014647995882,0.000000
13101,0.000712809882179,0.000000
14400,0.0467501573114,0.000000
11777,0.00132207153354,0.000000
9951,0.0700580507937,0.000000
7844,0.0572446459804,0.000000
10539,0.297011244519,0.000000
11882,0.000269166107118,0.000000
16092,0.337996488992,0.000000
2662,0.000518874188237,0.000000
11023,0.047899737252,0.000000
4527,0.00974426472805,0.000000
1051,0.0013476038215,0.000000
14751,0.000443280511179,0.000000
9096,0.116018161052,0.000000
14820,0.131365466257,0.000000
15604,0.0876012111867,0.000000
13892,0.00153616750201,0.000000
2186,0.00144681083604,0.000000
9817,0.00138375459707,0.000000
15340,0.0430900632957,0.000000
15877,0.116617199736,0.000000
2277,0.0849144997754,0.000000
15816,0.0013632319523,0.000000
11167,0.0033684133184,0.000000
4175,0.0542878024512,0.000000
15765,0.000788162853015,0.000000
3401,0.26734228208,0.000000
1981,0.323580571852,0.000000
15993,0.0655023824445,0.000000
5907,0.17236626115,0.000000
18031,0.00288960569643,0.000000
4028,0.000580574887296,0.000000
6891,0.0366878693226,0.000000
18227,0.00704608554995,0.000000
7951,0.0557111480501,0.000000
12022,0.160463144811,0.000000
12753,0.000426191099489,0.000000
12320,0.0323396332091,0.000000
5386,0.000752704714093,0.000000
14658,0.000518874188237,0.000000
622,0.00762843620204,0.000000
6988,0.000621794361012,0.000000
5537,0.0181158320575,0.000000
17106,0.000411574223181,0.000000
13793,0.269216945638,1.000000
193,0.047899737252,0.000000
6059,0.000364130299533,0.000000
4272,0.000652726872274,0.000000
15383,0.0452385591949,0.000000
4934,0.180032433847,0.000000
3646,0.00278285298752,0.000000
14240,0.302360260365,0.000000
15303,0.0705183089459,0.000000
8487,0.137715753186,0.000000
295,0.213341020223,0.000000
5259,0.407869022732,0.000000
2118,0.000236788599694,0.000000
18539,0.000153540426423,0.000000
157,0.0594471042186,0.000000
12651,0.0265583612712,0.000000
900,0.0520827773533,0.000000
3681,0.000931549024329,0.000000
13970,0.399738077798,1.000000
7779,0.520840167588,1.000000
13880,0.0966557198144,0.000000
14425,0.0265583612712,0.000000
11781,0.0271922422141,0.000000
7286,0.153520803425,0.000000
10427,0.000860036644901,0.000000
4303,0.000672958287141,0.000000
15913,0.047899737252,0.000000
616,0.0938488213627,0.000000
17051,0.0218340142464,0.000000
10167,0.0012552107358,0.000000
3566,0.010424775938,0.000000
10457,0.0654015484871,0.000000
11166,0.0218340142464,0.000000
8099,0.00568796528823,0.000000
16791,0.0554485475424,0.000000
665,0.0301866726062,0.000000
11816,0.0167788523302,0.000000
855,0.477282197394,1.000000
11078,0.270200298177,0.000000
15359,0.0944173922151,1.000000
13401,0.0395832484655,0.000000
8017,0.0326567043935,0.000000
491,0.225795919554,0.000000
7900,0.000524373597301,0.000000
3968,0.118248803339,0.000000
18111,0.0621351766899,0.000000
9877,0.0431820890352,0.000000
9134,0.0703369507197,0.000000
15523,0.000956828922161,0.000000
7902,0.0197180163414,0.000000
1864,0.419985499446,1.000000
8032,0.616656648043,1.000000
4756,0.124451377917,1.000000
4176,4.8708883321e-05,0.000000
11482,0.0654015484871,0.000000
16543,0.000567548751978,0.000000
5903,0.00123023131489,0.000000
1228,0.0118841660566,0.000000
1533,0.00106898145448,0.000000
15606,0.198270733648,0.000000
11776,0.0796925603592,0.000000
1430,0.120151454614,0.000000
5299,0.000224316168815,0.000000
9479,0.00141337627166,0.000000
14690,0.000666831342972,0.000000
3364,0.19277419082,0.000000
9065,0.216477387897,0.000000
13823,0.146924669208,0.000000
5229,0.000735893018804,0.000000
9102,0.000377882322368,0.000000
9908,0.0313262689158,0.000000
15274,0.131044200879,0.000000
15710,0.132060637658,1.000000
15801,0.569316357086,1.000000
12900,0.000676617770502,0.000000
10326,0.0892904627879,0.000000
7841,0.114044729662,0.000000
16283,0.211704187258,0.000000
917,0.000860068560839,0.000000
11861,0.0465823815038,0.000000
17029,0.17236626115,0.000000
17343,0.298512797757,1.000000
14267,0.0439806544308,0.000000
13102,0.00111952282075,0.000000
6991,0.0849018722362,0.000000
3952,0.272486454108,0.000000
11868,0.047899737252,0.000000
11058,0.047899737252,0.000000
16359,0.0280609679291,0.000000
16972,0.110913317502,0.000000
12255,0.0397421215727,0.000000
18005,0.238465003488,0.000000
2237,0.00158298075732,0.000000
13926,0.283520487628,0.000000
5337,0.20726894232,0.000000
18010,0.0874366198983,0.000000
9630,0.1012956913,0.000000
8680,0.0711577282408,0.000000
17306,0.00113161379518,0.000000
4165,0.0125681443944,0.000000
11355,0.168691066414,0.000000
5201,0.00127640913971,0.000000
1702,0.167793041571,0.000000
7657,0.0765370691594,0.000000
12464,0.00110922075224,0.000000
8784,0.0503009391907,0.000000
9469,0.0341797170456,0.000000
5505,0.0033684133184,0.000000
14461,0.459657216711,0.000000
7649,0.00598942155166,0.000000
10954,0.126903067318,0.000000
8856,0.0152192342309,0.000000
1085,0.000961120621356,0.000000
14363,0.000474282068316,0.000000
6625,0.00111952282075,0.000000
8806,0.554290102422,1.000000
10642,0.468938856458,1.000000
6787,0.00120599822661,0.000000
17832,0.00145560773871,0.000000
5406,0.0211271178413,0.000000
6130,0.000473012356875,0.000000
742,0.249524877253,0.000000
10531,0.0723156893426,0.000000
3806,0.000175861758887,0.000000
8367,0.0896803119926,0.000000
541,0.000882053196116,0.000000
5058,0.100527470167,0.000000
14133,1.98105938711e-05,0.000000
4980,0.000118034324038,0.000000
1632,0.000113143459338,0.000000
16847,0.217414086216,0.000000
500,0.00568796528823,0.000000
16045,0.0256363501507,0.000000
18076,0.0657338369307,0.000000
6832,0.0387814118947,0.000000
12891,0.0417562780252,0.000000
640,0.0103570017875,0.000000
10946,0.000795196902155,0.000000
11820,0.27022364637,0.000000
15119,0.0387494827932,0.000000
10451,0.00239680939384,0.000000
10131,0.000494744833067,0.000000
8041,0.0015782490213,0.000000
6892,0.133609539468,0.000000
8794,0.0033684133184,0.000000
16213,0.00151501359296,0.000000
7130,0.0336583264431,0.000000
13070,0.352026435552,1.000000
10153,0.000537377419804,0.000000
3101,0.00159405753092,0.000000
5075,0.0838304688926,0.000000
3736,0.274645879477,0.000000
16064,0.490995255181,1.000000
12893,0.138103044752,0.000000
5899,0.290507144316,0.000000
3195,0.0451490928259,0.000000
8422,0.126625927595,0.000000
4223,0.00113921459126,0.000000
9263,0.495811848807,0.000000
4833,0.000285592962639,0.000000
7284,0.387956514157,1.000000
13689,0.12837120674,0.000000
1574,0.120141556233,0.000000
8987,0.00542749348138,0.000000
15944,0.00154164238373,0.000000
9441,0.000188557708623,0.000000
16147,0.0218340142464,0.000000
3994,0.531293481372,1.000000
777,0.0309739406917,0.000000
13142,0.00154496182829,0.000000
10146,0.106412122152,0.000000
9583,0.000306432500436,0.000000
3629,0.047899737252,0.000000
9081,0.127113182705,0.000000
9611,0.255587995642,0.000000
984,0.00127651241643,0.000000
8344,0.000113143459338,0.000000
11252,0.302465228147,0.000000
10282,0.000113143459338,0.000000
10561,0.302360260365,0.000000
6715,0.125404350279,0.000000
11753,0.0271960891636,0.000000
2432,0.0271922422141,0.000000
15157,0.0454509049853,1.000000
2627,0.00154704371587,0.000000
843,0.207100038861,1.000000
1675,0.000329699102469,0.000000
15140,0.0205325979785,0.000000
7874,0.000313816338426,0.000000
415,0.263894703389,0.000000
4435,0.0180978858897,0.000000
7798,0.0304417479306,0.000000
16494,0.0385899875214,0.000000
8263,0.0403505541942,0.000000
8523,0.110865745721,0.000000
1793,0.362310377712,1.000000
15593,0.0462663421857,0.000000
5545,0.229184749223,0.000000
5889,0.052357879049,0.000000
15923,0.00060554821013,0.000000
2576,0.290298473055,0.000000
14879,0.00133934436188,0.000000
9148,0.0355073977798,0.000000
3512,0.0038980118331,0.000000
12789,0.0181233179266,0.000000
3941,0.000134455121623,0.000000
11052,0.00161102574473,0.000000
7720,0.202775351793,1.000000
15625,0.00138080107473,0.000000
33,0.000872369964404,0.000000
17490,0.0592752932906,0.000000
14456,0.353192789797,0.000000
2452,0.000785843803693,0.000000
7338,0.077831713466,0.000000
17440,0.000284317572035,0.000000
12038,0.000359367575226,0.000000
7179,0.0309479847495,0.000000
10343,0.00153391628824,0.000000
49,0.000654627449547,0.000000
8163,0.410762493616,1.000000
16950,0.000122705025262,0.000000
12761,0.403783098482,1.000000
5123,0.000652726872274,0.000000
14988,0.000634687380084,0.000000
10620,0.00147388537906,0.000000
6975,0.188217134968,1.000000
9604,0.012583986862,0.000000
3921,0.249102021927,1.000000
16832,0.552087452556,1.000000
17837,0.00154925261141,0.000000
11872,0.155951032183,0.000000
14522,8.11058550741e-05,0.000000
13015,0.047899737252,0.000000
9520,0.0117495587192,0.000000
4749,0.00184088368127,0.000000
9675,0.585920085925,0.000000
8071,0.000652726872274,0.000000
9519,0.0744102818888,0.000000
721,0.211717435982,0.000000
1653,0.535202732131,0.000000
13560,0.481201561669,1.000000
12921,0.000113143459338,0.000000
2715,0.105635597877,0.000000
5183,0.0654443187572,0.000000
1239,0.00150227550865,0.000000
17297,0.000179647011204,0.000000
10115,0.16634185665,0.000000
11846,0.0627831069663,0.000000
10501,0.148016715174,0.000000
12772,0.00112325053928,0.000000
2067,0.300795008661,0.000000
11585,0.0492498531219,0.000000
13940,0.422052944997,1.000000
7131,0.047899737252,0.000000
12352,0.086877536786,0.000000
3236,0.290507144316,0.000000
13240,0.000414050140033,0.000000
581,0.238782158224,0.000000
6581,0.249373769493,0.000000
6219,0.129381185718,1.000000
11757,0.119918715527,0.000000
8852,0.240169974961,0.000000
5179,0.0337753084569,0.000000
1105,0.0038980118331,0.000000
12535,0.080701422073,0.000000
17546,0.000941065483354,0.000000
13201,0.00123885089308,0.000000
15848,0.342534920633,0.000000
11224,0.217414086216,0.000000
12147,0.166324028781,0.000000
10776,0.000359367575226,0.000000
2363,0.0640220048762,0.000000
8994,0.000113143459338,0.000000
13847,0.000939638252525,0.000000
17436,0.461882055533,1.000000
2541,0.0654015484871,0.000000
1152,0.0849144997754,0.000000
17914,0.000160028267462,0.000000
2397,2.30905015179e-05,0.000000
10648,0.0011937078843,0.000000
8275,0.0128757530336,0.000000
7916,0.0557111480501,0.000000
3495,0.0561136795715,0.000000
14895,0.0304554791388,0.000000
9137,0.188217134968,0.000000
9606,0.00869339642812,0.000000
7196,0.191805012144,0.000000
6319,0.0392292447206,0.000000
11431,0.0623598357023,0.000000
3166,0.0557111480501,0.000000
6740,0.0278042825338,0.000000
16904,0.0803701294736,0.000000
6198,0.260721792596,0.000000
1406,0.0651653081153,0.000000
3528,0.0239117033891,0.000000
11571,0.000817408197469,0.000000
17811,0.399775988436,0.000000
1658,0.000433010218756,0.000000
10400,0.0439727807989,0.000000
11824,0.349107987929,0.000000
6831,0.0913164501538,0.000000
10938,0.112877011034,0.000000
2440,0.344538613376,1.000000
13393,0.037435190992,0.000000
16144,0.0347270423009,0.000000
9621,0.00149076899227,0.000000
3141,0.120944047884,0.000000
13593,0.110184327462,0.000000
15446,0.00138313487717,0.000000
8100,0.000533799951599,0.000000
8694,0.117834953903,0.000000
7151,0.337453010341,0.000000
4496,0.0265583612712,0.000000
8408,0.104952360867,0.000000
15952,0.0626824475796,0.000000
15580,0.34980868299,1.000000
6221,0.186679398021,1.000000
4642,0.109666660516,0.000000
14545,0.00133201284939,0.000000
9587,0.0200755900233,0.000000
7919,0.0465502879178,0.000000
13384,0.000436800891567,0.000000
3053,0.0431738031812,0.000000
472,0.000502940987218,0.000000
811,0.000475402375691,0.000000
17966,0.047899737252,0.000000
9770,0.0585473335621,0.000000
11806,0.00147703049906,0.000000
7108,0.0961787597805,1.000000
16491,0.312030463427,1.000000
8922,0.00158018150777,0.000000
14724,0.390233100689,0.000000
7820,0.133702233902,0.000000
13196,0.000652726872274,0.000000
1381,0.0470898023937,0.000000
17200,0.000738224836841,0.000000
914,0.0228292190478,0.000000
5891,0.0526674404331,0.000000
14452,0.00137943098865,0.000000
4493,0.570181301074,0.000000
1822,0.280490520936,0.000000
4097,0.0654015484871,0.000000
3815,0.58921380238,1.000000
14397,0.000401544321016,0.000000
262,0.0111697030646,0.000000
10185,0.489451460878,1.000000
2464,0.113232098011,0.000000
2725,0.000879138891968,0.000000
10474,0.00139222802677,0.000000
9198,0.480858277347,1.000000
13354,0.432478293213,1.000000
12226,0.102487555843,0.000000
12496,0.197245565851,0.000000
2718,0.00070715485576,0.000000
4301,0.000918887658045,0.000000
11134,0.0728522080714,0.000000
17653,0.277925440342,0.000000
11079,6.7813209232e-05,0.000000
8096,0.210435044816,0.000000
4721,0.302360260365,0.000000
6069,0.00153614592672,0.000000
15313,0.00020181916176,0.000000
18179,0.0758820680767,0.000000
10587,0.000359367575226,0.000000
660,0.000188022567354,0.000000
16476,0.145778221694,0.000000
6013,0.000659622320623,0.000000
3072,0.00147290248127,0.000000
18215,0.607895218561,0.000000
9294,0.00108325013698,0.000000
12430,0.000308323470879,0.000000
412,0.129002673104,0.000000
5809,0.000341810081957,0.000000
8808,0.000250025598654,0.000000
4576,0.00118500850635,0.000000
7344,8.51788570662e-05,0.000000
3965,9.28037047102e-05,0.000000
12984,0.0355248680212,0.000000
6890,0.0462950347787,0.000000
10645,0.0281296748089,0.000000
8309,0.047899737252,0.000000
17659,0.144368954547,0.000000
836,0.00568796528823,0.000000
11692,0.460170019636,0.000000
14575,0.0514863051021,0.000000
11586,0.0213460185172,0.000000
9052,0.495907445611,0.000000
2932,0.0457642167171,0.000000
14215,0.0944173922151,0.000000
18536,0.358042606869,0.000000
14795,0.00137600059891,0.000000
12215,5.64423425264e-05,0.000000
8179,0.0665575181826,0.000000
12194,0.0658695783331,0.000000
12186,0.0535198881838,0.000000
11594,0.000624337680563,0.000000
3346,0.00030589521594,0.000000
18155,0.000314571916015,0.000000
12908,0.000518874188237,0.000000
4960,0.533610836102,0.000000
12046,0.0729953234383,0.000000
2832,0.422052944997,1.000000
6907,0.000518874188237,0.000000
14713,0.00111952917909,0.000000
12087,0.443569265679,1.000000
10809,0.10899185301,0.000000
6754,0.0392439992026,0.000000
14182,0.238782158224,0.000000
13742,0.114513765165,0.000000
7178,0.000550060875003,0.000000
2139,0.000758292094393,0.000000
7278,0.00127651241643,0.000000
10398,0.000204273913761,0.000000
9681,0.190608291991,0.000000
12284,0.145631238833,0.000000
15001,0.537764102471,1.000000
14164,0.00105206257503,0.000000
17405,0.326209508568,0.000000
9927,0.000595119959006,0.000000
439,0.104952360867,0.000000
2731,0.478210810293,0.000000
9501,0.0915871880841,0.000000
14206,0.0757226135432,0.000000
5196,0.469064402667,0.000000
18448,0.268161488693,0.000000
2817,0.371929848284,0.000000
13615,0.0557111480501,0.000000
11194,0.0265583612712,0.000000
7848,0.00133201284939,0.000000
15143,0.000356387884481,0.000000
12912,0.00158898708131,0.000000
2241,0.0458547776349,0.000000
7740,0.0482128766413,0.000000
7828,0.0855665179443,0.000000
17080,0.047899737252,0.000000
6054,0.317001015407,1.000000
8112,0.000293043151696,0.000000
14561,0.000725790105396,0.000000
16244,0.0286918343783,0.000000
794,0.0557464233891,0.000000
4913,0.00125655649899,0.000000
15706,0.0528724911229,0.000000
17636,0.366015975274,1.000000
2866,0.496039817585,1.000000
2282,0.480342494128,1.000000
15141,0.0722445151887,0.000000
225,0.100123098624,0.000000
14540,0.0235291412265,0.000000
14948,0.077831713466,0.000000
14715,0.0343794495896,0.000000
2852,0.0142844134075,0.000000
6747,0.217414086216,0.000000
12050,0.047899737252,0.000000
10005,0.3920617099,0.000000
841,0.0329182038865,0.000000
3785,0.0593344307344,0.000000
275,0.190979140578,1.000000
16392,0.000931549024329,0.000000
8681,0.00151870120643,0.000000
9687,0.00111787960119,0.000000
13803,0.0244784023387,0.000000
343,0.00137573856836,0.000000
13743,0.0961630185463,0.000000
9845,0.482577684646,1.000000
4076,0.0287485969289,0.000000
656,0.00134333798119,0.000000
6147,0.0703422220227,0.000000
12267,0.0321942551803,0.000000
1262,0.0286104736749,0.000000
7268,0.0423826196242,0.000000
15161,0.0518295572298,0.000000
11400,0.0518543336459,0.000000
4236,0.0345946030564,0.000000
15730,0.030848806679,0.000000
5112,0.545672648355,1.000000
9363,0.0465502879178,0.000000
7290,0.041914375005,0.000000
13660,0.0993004902363,0.000000
2409,0.0385714258593,0.000000
18440,0.114473425712,0.000000
13239,0.0323396332091,0.000000
12291,0.104841780457,0.000000
14858,0.0771196918775,0.000000
7330,0.00104584386093,0.000000
17362,0.0677992672481,0.000000
1210,0.000291598719307,0.000000
2878,0.0014941577689,0.000000
4152,0.123078564055,0.000000
2622,8.95705670254e-05,0.000000
9462,0.135594739191,1.000000
15985,0.000725790105396,0.000000
11376,0.00114865216188,0.000000
6567,0.344538613376,0.000000
13097,0.000798533090752,0.000000
16084,0.0654015484871,0.000000
3456,0.605324450257,1.000000
4221,0.000662020398063,0.000000
15977,0.596252725908,1.000000
958,0.000211686267513,0.000000
5405,0.000491133105239,0.000000
3913,0.000133289019753,0.000000
16379,0.00136286649661,0.000000
13728,0.351314453387,0.000000
13641,0.0456591594882,0.000000
8262,0.000190130162973,0.000000
615,0.000931549024329,0.000000
6640,0.047899737252,0.000000
15214,0.0531073559288,0.000000
377,0.0931351554211,0.000000
9192,0.000652726872274,0.000000
15390,0.000356077437772,0.000000
2068,0.0816431385953,0.000000
1482,0.0654015484871,0.000000
14888,0.00145047823953,0.000000
17378,0.0463803663454,0.000000
14406,0.0224581560509,0.000000
11336,0.000814821997244,0.000000
3201,0.0033684133184,0.000000
715,0.00147385437586,0.000000
1582,0.00122879828306,0.000000
18117,0.0811968605487,0.000000
4566,0.0234808175422,0.000000
1044,0.0304417479306,0.000000
4227,0.00568796528823,0.000000
3092,0.00768457245838,0.000000
1762,0.216388996877,0.000000
9289,0.0873915384241,0.000000
2099,0.0931052069429,0.000000
7603,0.0137931117696,0.000000
13147,0.100147861541,0.000000
16953,0.00126310938319,0.000000
15346,0.0468878613255,0.000000
971,0.000537102768262,0.000000
9580,0.0150994710904,0.000000
5564,0.0860182783996,0.000000
2082,0.113648697611,1.000000
2197,0.047899737252,0.000000
6390,0.0895521392554,0.000000
1211,0.0773231842302,0.000000
12069,0.000368933890771,0.000000
4933,0.283000399074,0.000000
9774,0.0729080574578,0.000000
1126,0.0386534414443,0.000000
5419,0.00568796528823,0.000000
9953,0.00143105923744,0.000000
2723,0.0346282183398,0.000000
9234,0.0291006349601,0.000000
13564,0.0011457274314,0.000000
12336,0.267609607849,0.000000
6067,0.0118420091582,0.000000
5702,0.0722445151887,0.000000
9312,0.00982605851359,0.000000
11037,0.34091171001,1.000000
16609,9.32691635597e-05,0.000000
2458,0.489576906849,0.000000
8762,0.136911674776,0.000000
9494,0.0038980118331,0.000000
11718,0.421568880169,1.000000
11730,0.217414086216,0.000000
16316,0.000621992140468,0.000000
3000,0.0968067125305,0.000000
17130,0.0391156939027,0.000000
3341,0.226862874292,0.000000
16464,0.000560960921183,0.000000
6595,0.0787509828221,0.000000
15941,0.000113147071197,0.000000
8832,0.0355248680212,0.000000
10404,0.0591710093031,0.000000
961,0.0874392895543,0.000000
11042,0.0810289192896,0.000000
2117,0.0393890973844,0.000000
10829,0.289208740897,0.000000
16807,0.0789714714572,0.000000
6440,0.356757203756,0.000000
3345,0.000516003859222,0.000000
3131,0.000218631246455,0.000000
14108,0.0491329494241,0.000000
7970,0.047899737252,0.000000
10516,0.0749819794746,0.000000
6074,0.445759656121,1.000000
5949,0.047899737252,0.000000
17196,0.0410352972353,0.000000
9525,0.000652726872274,0.000000
12612,5.14670374254e-05,0.000000
10892,0.053176847152,0.000000
9792,0.382886707337,1.000000
789,0.328551250625,1.000000
702,0.314137699698,0.000000
9626,0.0528859744582,0.000000
13971,0.000494171406035,0.000000
15875,0.00203328565775,0.000000
12506,0.11010825823,0.000000
11813,0.000159371203373,0.000000
11084,0.047899737252,0.000000
2827,0.000518874188237,0.000000
10693,0.00093209640275,0.000000
3988,0.077831713466,0.000000
4423,0.229171228356,0.000000
18482,0.0218448037552,0.000000
11298,0.0355073977798,0.000000
8714,0.00118858723629,0.000000
10755,0.0329182038865,0.000000
4125,0.00116406858596,0.000000
9722,0.204691828689,0.000000
5954,0.0218340142464,0.000000
2784,0.173488803308,1.000000
6885,0.0444582422072,1.000000
17139,0.105293517888,0.000000
12537,0.251264460512,0.000000
7676,0.32634109728,1.000000
8026,0.0014208192162,0.000000
3042,0.00568796528823,0.000000
3831,0.00146855983126,0.000000
1839,0.148453428498,0.000000
3946,0.310937377352,1.000000
1892,0.00887050058618,0.000000
12675,0.144443951879,0.000000
4856,0.0867418225021,0.000000
10957,0.0111697030646,0.000000
3919,0.0866733231515,0.000000
15479,0.133371342879,0.000000
17701,0.0557111480501,0.000000
18232,0.00130975593661,0.000000
242,0.242675153744,0.000000
17890,0.106589767551,0.000000
10426,0.0504222322881,0.000000
14682,0.0415771706839,0.000000
10844,0.136885501645,0.000000
3199,0.0313954334338,0.000000
2734,0.0465269710481,0.000000
10658,0.0557111480501,0.000000
11696,0.0255048179318,1.000000
10379,0.000324527967393,0.000000
9906,0.0999619589622,0.000000
18220,0.374085497152,0.000000
4034,0.00140338199724,0.000000
6652,0.00012821689221,0.000000
4936,0.1220021953,0.000000
12533,0.000862860408665,0.000000
636,0.000359367575226,0.000000
9897,0.0110390334158,0.000000
5061,0.00597543090384,0.000000
580,0.00056256982399,0.000000
16677,0.0480566768027,0.000000
3396,0.0941334120988,0.000000
3823,0.410436756781,0.000000
12097,0.10748353855,0.000000
12073,0.047899737252,0.000000
18355,0.00110858505174,0.000000
11637,0.00053982874701,0.000000
9907,0.132081730015,0.000000
3339,0.0355073977798,0.000000
11328,0.638432460133,1.000000
1768,0.0329182038865,0.000000
8259,0.0218599865296,0.000000
17633,0.492505958747,1.000000
17315,0.00026810096684,0.000000
1072,0.435774135098,1.000000
14996,0.567114387142,1.000000
13779,0.047899737252,0.000000
17142,0.00148084988292,0.000000
57,0.278003586353,0.000000
6083,0.251254658191,0.000000
10715,0.108416409414,0.000000
2535,0.0866733231515,0.000000
16521,0.0765498563451,0.000000
11330,0.172430320204,0.000000
5214,0.168234686216,1.000000
13623,8.17136428209e-05,0.000000
12745,0.0589775202848,0.000000
8609,0.000988989399814,0.000000
12657,0.239867013945,0.000000
11359,0.0038980118331,0.000000
2648,0.497386235385,0.000000
15831,0.308253143504,0.000000
6686,0.170482645368,0.000000
2335,0.00130975593661,0.000000
5976,0.147157162669,0.000000
5888,0.000652726872274,0.000000
266,0.0157164620897,0.000000
11791,0.192235188908,1.000000
7119,0.0773231842302,0.000000
16814,0.143524639821,0.000000
8234,0.0352371559211,0.000000
11790,0.324147953403,0.000000
4394,0.0336583264431,0.000000
89,0.0127185434967,0.000000
13989,0.000754993176849,0.000000
10703,0.127729575587,0.000000
3133,0.0789745033901,0.000000
16433,0.302373910236,0.000000
5458,0.0875463447854,0.000000
7483,0.0239117033891,0.000000
9992,0.0716723567755,0.000000
2557,0.0274913813439,0.000000
2284,0.251626420093,0.000000
2943,0.0330610467625,0.000000
13499,0.0951727246887,0.000000
5522,0.211508987033,0.000000
16408,0.000835356669436,0.000000
2631,0.000444319079015,0.000000
2787,0.347098565829,0.000000
15408,0.000474108149177,0.000000
1873,0.387974613711,1.000000
14716,0.0592752932906,0.000000
1659,0.00568796528823,0.000000
9329,0.0701165016751,0.000000
13170,0.0896803119926,0.000000
2437,9.61118697125e-05,0.000000
12256,0.00120805842506,0.000000
1136,0.00131589945118,0.000000
6266,8.17136428209e-05,0.000000
5593,0.113543737091,0.000000
5473,0.00016183118787,0.000000
9800,0.0791676421052,0.000000
7956,0.071393195532,0.000000
2711,6.19356018086e-05,0.000000
10598,0.117567883021,0.000000
15862,0.0145049776935,0.000000
2649,0.0033684133184,0.000000
1959,0.00568796528823,0.000000
17714,0.0434063818694,0.000000
10884,0.0488131489952,0.000000
4245,0.00887050058618,0.000000
15433,0.182878060544,0.000000
10975,0.000359367575226,0.000000
14134,0.0385989655324,0.000000
998,0.0825182677162,0.000000
251,0.000145642941121,0.000000
4794,0.000953576572996,0.000000
12992,0.135005756126,0.000000
14229,0.291149300895,0.000000
4351,0.454971538429,0.000000
6474,0.000359367575226,0.000000
11552,0.0858287301532,0.000000
14775,0.127990019845,0.000000
6866,0.000875507700851,0.000000
2174,0.284353312873,0.000000
6936,0.0686468845588,0.000000
6765,0.441695979765,0.000000
9601,0.232976182336,0.000000
9531,0.0107186206994,0.000000
4468,0.000193312367462,0.000000
11001,0.0515022703038,0.000000
6038,0.00121798491059,0.000000
17671,0.0654015484871,0.000000
9059,0.265295515468,0.000000
10724,0.170054158196,0.000000
8400,0.000567548751978,0.000000
2929,0.259905944451,0.000000
18323,0.481991386191,1.000000
1595,0.0393890973844,0.000000
4105,0.3908384192,0.000000
1952,0.0439727807989,0.000000
11442,0.251013557845,0.000000
8381,0.00850168395642,0.000000
7950,0.00568796528823,0.000000
15693,0.210132715609,0.000000
15387,0.521580391012,0.000000
3286,0.0400122305382,0.000000
14031,0.00150781021338,0.000000
14358,0.00145560773871,0.000000
2666,0.000243543816897,0.000000
11953,0.209568342917,1.000000
10592,0.0640327729704,0.000000
11581,0.229032501423,0.000000
6212,8.1837786839e-05,0.000000
16048,0.046789381049,0.000000
6751,0.000359367575226,0.000000
4368,0.314318443196,1.000000
7122,0.000219244880826,0.000000
13458,0.112928563633,0.000000
6618,0.000185395146331,0.000000
839,0.0952235192,0.000000
16438,0.0723156893426,0.000000
3023,0.100179769996,0.000000
17330,0.373622420048,0.000000
8470,6.45362620642e-05,0.000000
18288,0.278585289542,0.000000
3255,0.000607609825723,0.000000
7540,0.350751023003,0.000000
8647,0.0718910643663,0.000000
4745,0.047899737252,0.000000
552,0.0557111480501,0.000000
1583,0.101410445339,0.000000
9010,0.119457023943,0.000000
17935,0.163692076213,0.000000
7213,0.106875618447,0.000000
3100,0.336864768274,0.000000
15631,0.0823840760709,0.000000
6900,0.281415863529,0.000000
14356,0.206579883119,0.000000
5122,0.0164678270627,0.000000
12158,0.000799978553884,0.000000
2798,0.326209508568,0.000000
7629,0.00134508252587,0.000000
2157,0.0712105685896,0.000000
8152,0.0944173922151,0.000000
9788,0.033726741791,0.000000
11124,0.0357822679331,0.000000
3535,0.209287038181,1.000000
15055,0.0654443187572,0.000000
18271,0.164532076221,0.000000
5510,0.125404350279,0.000000
9620,0.261299408503,1.000000
16507,0.0086383362415,0.000000
6790,0.0408423287218,0.000000
626,0.000268428864053,0.000000
4569,0.277819454277,0.000000
7040,0.0697618104463,0.000000
6228,0.000113143459338,0.000000
18119,0.290507144316,0.000000
15807,0.000860068560839,0.000000
16771,0.00150364340162,0.000000
15804,0.0474822477695,0.000000
16774,0.000113143459338,0.000000
4143,0.0237426085362,0.000000
4196,0.077831713466,0.000000
4386,0.134678923202,0.000000
10989,0.000572467239641,0.000000
1342,0.0153293683607,0.000000
18210,0.284276911982,0.000000
16180,0.000113143459338,0.000000
13725,0.00112077689436,0.000000
10866,0.047899737252,0.000000
10199,0.000518874188237,0.000000
3718,0.422052944997,1.000000
16261,0.0033684133184,0.000000
14232,0.265650345639,0.000000
16210,0.0355073977798,0.000000
2500,0.35135436446,1.000000
13993,0.00151734041157,0.000000
7118,0.000236144554602,0.000000
6065,0.0239117033891,0.000000
11618,0.000247940259073,0.000000
12510,0.000501415593676,0.000000
4703,0.146997734258,1.000000
16366,0.197334485218,0.000000
4159,0.00114393252284,0.000000
188,8.73893733088e-05,0.000000
1745,0.471809682217,0.000000
14004,0.564099306185,1.000000
6898,0.0542878024512,0.000000
8323,0.088519145951,0.000000
14167,0.00148274081,0.000000
5491,0.0914652925071,0.000000
1806,0.0828837406289,0.000000
11517,0.0651070441637,0.000000
17386,0.024569359162,0.000000
15806,0.000175861758887,0.000000
61,0.00740478763257,0.000000
3719,0.0205224763974,0.000000
14141,0.205077118207,0.000000
16409,0.0294207254383,0.000000
12177,0.000359367575226,0.000000
15789,0.000211686267513,0.000000
54,0.000384987673356,0.000000
8839,9.23997665877e-05,0.000000
5551,0.130420727031,0.000000
15160,0.0926468153789,0.000000
12567,0.0856427831301,1.000000
480,0.0619184982121,0.000000
8341,0.000518874188237,0.000000
2209,0.0829625917071,0.000000
4416,0.144984096155,0.000000
16866,0.0793985593404,0.000000
9277,0.378501530589,1.000000
12122,0.0559636596428,0.000000
1578,0.000228850510282,0.000000
453,0.031698669473,0.000000
10435,0.237911253069,0.000000
12175,0.00142963950926,0.000000
6280,0.00145507691828,0.000000
8031,0.285964643197,0.000000
18520,0.0661602680917,0.000000
18030,0.130644914322,0.000000
18001,0.120845653809,0.000000
15649,0.047899737252,0.000000
16800,0.00568796528823,0.000000
200,0.504868092534,1.000000
1242,0.000718262236824,0.000000
10784,0.348260195275,1.000000
2804,0.204691828689,0.000000
10228,0.000175861758887,0.000000
693,0.321343776427,0.000000
4643,0.256542773871,0.000000
4588,0.00172062292934,0.000000
18037,0.047899737252,0.000000
3706,0.607154638354,1.000000
1269,0.104890370658,0.000000
12999,0.049232257377,0.000000
14605,0.148035684702,1.000000
3025,0.361509453043,0.000000
5129,0.115862721978,0.000000
13730,0.31608269989,0.000000
16864,0.000634011664889,0.000000
5226,0.0654015484871,0.000000
11612,0.262151350204,0.000000
13492,0.342280543829,0.000000
1251,0.357154382742,0.000000
11410,0.0340037257214,0.000000
605,0.147489214669,0.000000
11034,0.00140883390429,0.000000
10932,0.110645907416,0.000000
10060,0.26620687801,0.000000
5504,0.278574954174,1.000000
16406,0.0355073977798,0.000000
691,0.288400595185,0.000000
10769,0.00136006775181,0.000000
14902,0.277925440342,0.000000
7326,0.113555087871,0.000000
4290,0.024569359162,0.000000
3465,0.444762610114,0.000000
11713,0.00153329472349,0.000000
13062,0.348252594406,0.000000
13381,0.000289762813234,0.000000
10686,0.0846702034054,0.000000
1752,0.00740478763257,0.000000
10831,0.00109323147199,0.000000
7602,0.000359367575226,0.000000
5558,0.00153119321433,0.000000
4205,0.0480574800282,0.000000
4469,0.036280812085,0.000000
11593,0.0896803119926,0.000000
7180,0.0269978030782,0.000000
5046,0.0308669816612,0.000000
3138,0.0014465958298,0.000000
13052,0.591820799359,0.000000
11546,0.0476807977131,1.000000
12597,0.0146548143397,0.000000
638,0.000271400209578,0.000000
17095,0.0542878024512,0.000000
2103,0.0780038139449,0.000000
10979,0.200942166654,0.000000
16797,0.117826804519,0.000000
17874,0.0434063818694,0.000000
15517,0.281828470034,0.000000
3707,0.0147694165752,0.000000
10514,0.110784181712,0.000000
14972,0.0786404246603,0.000000
10617,0.0038980118331,0.000000
13684,0.0126867922335,0.000000
926,0.110184327462,0.000000
4817,0.105801627845,1.000000
4690,0.0769532237613,0.000000
2008,0.24091281215,0.000000
81,0.00239680939384,0.000000
11687,0.0567766137845,0.000000
10305,0.00138214875334,0.000000
12514,0.000438906900152,0.000000
293,0.000359367575226,0.000000
10212,0.102781101472,0.000000
5927,0.000461249854695,0.000000
15911,0.147157162669,0.000000
5424,0.000359367575226,0.000000
8298,0.0810971644123,0.000000
881,0.0218340142464,0.000000
452,0.0542878024512,0.000000
3956,0.000768480058555,0.000000
10746,0.000860068560839,0.000000
5738,0.000317807254465,0.000000
15113,0.0239117033891,0.000000
10268,0.201291766192,0.000000
1672,0.000860068560839,0.000000
14655,0.119593320788,0.000000
4591,0.256626714568,0.000000
15458,0.00146913684701,0.000000
6195,0.509842513388,1.000000
234,0.226851790754,0.000000
14567,0.000581679219512,0.000000
3212,0.0913164501538,0.000000
8513,0.0654015484871,0.000000
12746,0.000372293639643,0.000000
3716,0.310937377352,0.000000
4441,0.0101237950097,0.000000
12966,0.000875629788537,0.000000
1872,0.107880500846,0.000000
1854,0.00568796528823,0.000000
3348,0.047899737252,0.000000
18353,0.248729381843,0.000000
12055,0.132081730015,0.000000
8079,0.065138335468,0.000000
3820,0.00740478763257,0.000000
15965,0.000245261924601,0.000000
5355,0.297268514071,1.000000
4689,0.047899737252,0.000000
1644,0.0143287364637,0.000000
16577,0.362478682526,1.000000
9352,3.81663658566e-05,0.000000
11121,0.00100532923108,0.000000
969,0.17711032756,0.000000
8094,0.0138560365128,0.000000
12832,0.00143809223459,0.000000
8651,0.0384109260448,0.000000
11617,0.0896803119926,0.000000
1207,0.269523200879,0.000000
4024,0.0950292513145,0.000000
14801,0.000359367575226,0.000000
1735,0.047899737252,0.000000
4144,0.15725114855,0.000000
8222,0.0357809227893,0.000000
5490,0.000267120441117,0.000000
17537,0.00704608554995,0.000000
4813,0.447668768953,0.000000
1193,0.0392439992026,0.000000
5152,0.00148662879989,0.000000
16629,0.00704608554995,0.000000
4842,0.00126305699265,0.000000
5683,0.139649067047,0.000000
13447,0.403471098097,1.000000
13179,0.407068535486,0.000000
1577,0.0038980118331,0.000000
7542,0.232630171763,0.000000
4340,0.00108191831339,0.000000
1692,0.233709525075,0.000000
10801,0.00211261805338,0.000000
8755,0.00110858505174,0.000000
5232,0.441695979765,1.000000
496,0.00135347398445,0.000000
13177,0.164418610229,0.000000
16598,0.000122084973323,0.000000
13912,0.0943676663832,0.000000
11152,0.00568796528823,0.000000
11616,0.0490184094663,0.000000
10576,1.98105938711e-05,0.000000
3748,0.369166138276,0.000000
13658,0.000473431442505,0.000000
15082,0.000862918451084,0.000000
3451,0.00740478763257,0.000000
17677,8.51788570662e-05,0.000000
13700,0.020181390741,0.000000
13294,0.047899737252,0.000000
8748,0.000652726872274,0.000000
400,0.0269495652209,0.000000
3403,0.446100397127,1.000000
7311,0.047899737252,0.000000
9966,0.0184518873533,0.000000
1172,0.000939638252525,0.000000
17703,0.0895221529251,0.000000
272,0.000867188265198,0.000000
7618,0.0218340142464,0.000000
15031,0.410435928802,0.000000
3275,0.00060554821013,0.000000
7534,0.000457970094124,0.000000
778,0.112324864675,0.000000
9492,0.068114963046,0.000000
14949,0.0557111480501,0.000000
12178,0.083247401643,0.000000
2300,0.00568796528823,0.000000
6571,7.51418379283e-05,0.000000
17389,0.0465823815038,0.000000
16256,0.0857022710675,0.000000
11168,0.0089736830988,0.000000
13741,0.146106369547,0.000000
4058,0.0907195871897,0.000000
9495,0.0038980118331,0.000000
1695,0.319971118066,0.000000
13069,0.000113143459338,0.000000
9437,0.000652726872274,0.000000
17027,0.365709395627,1.000000
13516,0.000865174806931,0.000000
7232,0.000707497869494,0.000000
18325,0.447243910814,1.000000
9476,0.0726909702341,0.000000
12801,0.0285018473147,0.000000
12752,0.00127314456847,0.000000
10838,0.0675548061477,1.000000
16291,0.135580285758,0.000000
17450,0.0574273248185,0.000000
2259,0.00154396603855,0.000000
9542,0.161596198859,0.000000
18419,0.29480909305,1.000000
7337,0.0271922422141,0.000000
748,0.157271005005,0.000000
8104,0.500710139619,1.000000
1299,0.0218340142464,0.000000
8676,0.000516003859222,0.000000
9898,6.84234690565e-05,0.000000
2017,0.0595340211938,0.000000
12304,0.422052944997,1.000000
604,0.000105439464598,0.000000
2966,0.272793470605,0.000000
3161,0.203787234148,0.000000
17525,0.178283145186,0.000000
9500,0.00152650345226,0.000000
15300,0.000835253070899,0.000000
575,0.0548534834027,0.000000
1707,0.00154204061438,0.000000
5714,0.000149975951335,0.000000
5116,0.00112294434037,0.000000
4711,0.462141241692,0.000000
2125,0.0643788665693,0.000000
9602,0.000359367575226,0.000000
14024,0.00135574337716,0.000000
5633,0.131380146412,0.000000
8296,0.179559292645,0.000000
14538,0.00154418626646,0.000000
16204,0.488505294421,1.000000
7669,0.0159013081329,0.000000
10787,0.0393424951752,0.000000
10238,0.000221216076825,0.000000
18412,0.00527803341058,0.000000
3717,0.547565679495,1.000000
10132,0.1025597243,0.000000
6521,0.0557111480501,0.000000
10472,0.000860068560839,0.000000
5666,0.000317037303242,0.000000
15565,0.0012846907052,0.000000
3210,0.123853700386,0.000000
16024,0.14176910476,0.000000
10120,0.0527457827249,0.000000
18428,8.25249528888e-05,0.000000
10923,0.000205453093528,0.000000
17166,0.047899737252,0.000000
17004,0.0282690803267,0.000000
13763,0.251376888205,0.000000
8227,0.40983971423,0.000000
5772,0.000215885225681,0.000000
12575,0.000128865647584,0.000000
498,0.0789745033901,1.000000
4123,0.0176452002116,0.000000
6971,0.136701499713,0.000000
6014,0.0779862338224,0.000000
10544,0.000118805627113,0.000000
4108,0.595240031472,1.000000
1537,0.000113143459338,0.000000
17175,0.000367648959048,0.000000
15638,0.000840286597973,0.000000
12233,0.0816205874248,0.000000
13606,0.490851995706,0.000000
6058,0.047899737252,0.000000
119,0.0352371559211,0.000000
18550,0.0925137541029,0.000000
18095,0.000817408197469,0.000000
3543,0.00122484429705,0.000000
5449,0.00568796528823,0.000000
7216,0.077831713466,1.000000
5246,0.00568796528823,0.000000
4271,0.523715002217,0.000000
18377,0.000236788599694,0.000000
2773,0.274645879477,0.000000
18287,0.0952621099483,0.000000
9270,0.000512788031406,0.000000
8307,0.000535564067808,0.000000
8535,0.73096809034,1.000000
13632,0.0654015484871,0.000000
14940,0.149177024775,0.000000
5037,0.07055590839,0.000000
9376,0.000348139058728,0.000000
4986,0.0323396332091,0.000000
4117,0.0424255601856,0.000000
7241,0.00513316715568,0.000000
11748,0.00117475999911,0.000000
1020,0.000183182029328,0.000000
17108,0.0207594455255,0.000000
5218,0.000252380780958,0.000000
11110,0.000339153889201,0.000000
10527,0.107154198179,0.000000
678,0.000107157854318,0.000000
17017,0.329994102954,1.000000
2518,0.562776504719,0.000000
10911,0.00887050058618,0.000000
8389,0.0180978858897,0.000000
8811,0.0429416369559,0.000000
5872,0.00126744150462,0.000000
14672,0.0307354214521,0.000000
15028,0.0249505608223,0.000000
6894,0.0723156893426,0.000000
17103,0.299647350491,0.000000
11005,0.616208772733,0.000000
7733,0.227490144057,0.000000
12690,0.0707451702739,0.000000
3406,0.000874339227029,0.000000
1159,0.000220922844643,0.000000
1047,0.00134729120992,0.000000
10065,0.0473455833882,0.000000
4333,0.255904733417,0.000000
4630,0.0127132284466,0.000000
11671,0.352666494216,0.000000
7446,0.253425142966,0.000000
12709,0.11869518128,0.000000
10816,0.376318955571,0.000000
14526,0.00166971968084,0.000000
9631,0.273789768658,1.000000
3839,0.316112133523,0.000000
4740,0.193720022795,0.000000
14746,0.000654199273045,0.000000
16704,0.000568246328839,0.000000
3349,0.000714607636517,0.000000
8065,0.000516003859222,0.000000
15869,0.47563964803,0.000000
2918,0.000612785328166,0.000000
16703,0.0218448037552,0.000000
8419,0.0970733458894,0.000000
8473,0.106071782916,0.000000
18305,0.000835356669436,0.000000
179,0.000758898501523,0.000000
3667,0.319545695636,1.000000
7391,0.000735574376397,0.000000
14578,0.153520803425,0.000000
17669,0.000740753283055,0.000000
13094,0.153520803425,0.000000
12707,0.224659754293,0.000000
14869,0.000183182029328,0.000000
15615,0.404274099208,0.000000
17919,0.0439727807989,0.000000
6532,0.00146161056554,0.000000
5860,0.000942290951029,0.000000
2342,0.342139167301,0.000000
2396,0.272015881756,0.000000
17091,0.526334612528,1.000000
1882,0.443666905615,0.000000
8000,0.0500496663541,0.000000
10181,0.000224771283898,0.000000
2000,0.00147803934828,0.000000
152,0.000518874188237,0.000000
15851,0.0163105871845,0.000000
18524,0.300100270671,0.000000
16037,0.101236973189,0.000000
14846,0.403027145494,0.000000
5157,0.16614187978,0.000000
16497,0.195130871573,1.000000
13045,0.011709450157,0.000000
450,0.00125105856116,0.000000
13037,0.000860068560839,0.000000
14082,0.337426307387,1.000000
17948,0.310937377352,1.000000
15822,0.0439727807989,0.000000
2381,0.0780038139449,0.000000
10252,0.0468878613255,0.000000
9996,0.468553199627,1.000000
13230,0.198669358766,0.000000
14843,0.0038980118331,0.000000
12493,0.000362744047206,0.000000
14758,0.0355073977798,0.000000
12308,0.298443790423,0.000000
2993,0.00111952917909,0.000000
17169,0.000890752850234,0.000000
8638,0.0329182038865,0.000000
4572,0.378358082563,0.000000
13860,0.0507146766663,0.000000
8514,0.50564471808,1.000000
2269,0.106958485531,0.000000
17068,0.128367244392,0.000000
14053,0.324556858948,0.000000
5603,0.179559292645,0.000000
5497,0.43885300503,1.000000
13553,0.310046561465,0.000000
10421,0.00152061734062,0.000000
16174,0.0392439992026,0.000000
1132,0.113230945875,0.000000
7006,0.0662782607885,0.000000
3432,0.0355248680212,0.000000
1171,0.080922338724,0.000000
14635,0.000516003859222,0.000000
8554,0.0944173922151,0.000000
16039,0.000817408197469,0.000000
3192,0.531981828225,0.000000
10739,0.224940239542,0.000000
11219,0.0165547524357,0.000000
17873,0.000652726872274,0.000000
17993,0.0533929569223,0.000000
13596,0.0150455437252,0.000000
10873,0.047899737252,0.000000
9144,0.000359367575226,0.000000
17917,0.081238809986,0.000000
15248,0.0842424477748,0.000000
3826,0.391431353014,0.000000
17835,0.000308116738216,0.000000
6321,0.0522955587247,0.000000
12139,0.000843468053051,0.000000
6984,0.047899737252,0.000000
1226,0.072432255379,0.000000
11127,0.0659946746714,0.000000
3174,0.00144164417904,0.000000
13040,0.147044568172,0.000000
1805,0.00137389853899,0.000000
2903,0.351712180721,1.000000
10750,0.459052014188,1.000000
11732,0.000113143459338,0.000000
11635,0.000770696509921,0.000000
3769,0.045773419742,0.000000
334,0.0112508248684,0.000000
9079,0.0916417979066,0.000000
16427,0.00145439179999,0.000000
4816,0.0494197102179,0.000000
4211,0.0943676663832,0.000000
2292,0.299676001378,0.000000
4962,0.000414278612525,0.000000
17606,0.103760232393,0.000000
6744,0.104978863635,0.000000
6657,0.000267877939284,0.000000
2724,0.0913164501538,0.000000
7385,0.102548079652,1.000000
15355,0.174940365912,0.000000
15705,0.00120079843116,0.000000
17573,0.696102614124,1.000000
338,0.0318095993184,0.000000
16821,0.00105227725121,0.000000
13259,0.0013738174507,0.000000
120,0.0101953806976,0.000000
8074,0.000887299087692,0.000000
13171,0.077831713466,0.000000
17229,0.0896803119926,0.000000
15252,0.283220709606,0.000000
10229,0.0506699351786,0.000000
11582,0.000113143459338,0.000000
14922,0.0719368344481,0.000000
17599,0.0862941079209,0.000000
12524,0.0557111480501,0.000000
13984,0.07055590839,0.000000
11499,0.102167178632,0.000000
14731,0.0363305883268,0.000000
3104,0.468076730341,0.000000
4634,0.00139878791741,0.000000
3257,0.000359367575226,0.000000
11411,0.07254958717,0.000000
7861,0.114520368146,0.000000
4308,0.128561484153,0.000000
1457,0.000861563624386,0.000000
11435,0.0391799872545,0.000000
7685,0.00124690866361,0.000000
13986,0.107074371145,0.000000
9089,0.000407488296121,0.000000
17426,0.000817408197469,0.000000
5495,0.00108256236519,0.000000
2354,0.0392439992026,0.000000
9581,0.00110858505174,0.000000
12393,0.0156751261618,0.000000
1495,0.126921462751,0.000000
1530,0.132514568119,0.000000
7794,0.626834961548,0.000000
17672,0.310995264941,0.000000
17077,0.0121498168624,0.000000
3248,0.00598942155166,0.000000
5887,0.0611022439205,0.000000
5255,0.253008288615,0.000000
4876,0.0356311508567,0.000000
2925,0.0694665276894,0.000000
6800,0.0765370691594,1.000000
2375,0.130020834225,0.000000
12402,0.0218340142464,0.000000
13544,0.000761972358756,0.000000
364,0.000359367575226,0.000000
11845,0.50820277446,1.000000
8351,0.0370858174604,0.000000
284,0.0473455833882,0.000000
2956,0.0606088322772,0.000000
6289,0.127113182705,0.000000
8918,0.0635204566699,0.000000
12473,0.388831621282,1.000000
4314,0.047899737252,0.000000
4598,0.465585903114,1.000000
12944,0.0197180163414,0.000000
10272,0.120749597529,0.000000
6689,0.000210152573089,0.000000
6116,0.0113724181761,0.000000
17973,0.0314258513047,0.000000
17041,0.344388639945,0.000000
11119,0.483833141144,0.000000
10897,0.309768451941,1.000000
11661,0.0567647178529,0.000000
13443,0.027877910048,0.000000
5895,0.00061766786065,0.000000
9488,0.378679324159,0.000000
13,0.000359367575226,0.000000
14355,0.0788459122679,0.000000
2607,0.0880580058673,0.000000
5509,0.0350154211118,0.000000
5985,0.000765970507981,0.000000
5818,0.0966351082327,0.000000
11919,0.079175611031,0.000000
11051,0.0486789961508,0.000000
8034,0.047899737252,0.000000
14319,0.00016186924593,0.000000
14284,0.0104560072492,0.000000
18050,0.213763803101,0.000000
9358,0.0109601506714,0.000000
9078,0.490995255181,1.000000
8409,0.000652726872274,0.000000
4139,0.000555195943869,0.000000
7980,0.0616913689342,0.000000
13713,0.000359367575226,0.000000
7606,0.0722445151887,0.000000
9726,0.000315074207382,0.000000
9824,0.0684120252098,0.000000
9645,0.000104455112469,0.000000
10464,0.103827697536,0.000000
7660,0.0135447744452,0.000000
1996,0.0913164501538,0.000000
11557,0.0318095993184,0.000000
6169,0.265586625595,0.000000
13495,0.103557777626,0.000000
4863,0.422484598043,0.000000
6350,0.0038980118331,0.000000
7263,0.0033684133184,0.000000
10593,3.2637066727e-05,0.000000
16214,0.000555476791449,0.000000
1671,0.290507144316,0.000000
6106,0.000332394606305,0.000000
14737,0.417184661093,1.000000
13254,0.120509990664,0.000000
12743,0.541434374285,0.000000
9866,0.000668916115882,0.000000
8816,0.238782158224,0.000000
12568,0.0107721615608,0.000000
3340,0.00887050058618,0.000000
14095,0.000652726872274,0.000000
10882,0.520456082228,0.000000
15185,0.000375159454942,0.000000
13594,0.000634011664889,0.000000
8654,0.0968067125305,0.000000
12478,8.6356017112e-05,0.000000
6317,0.136833823566,0.000000
16170,0.00131589945118,0.000000
1401,0.0774628719086,0.000000
5614,0.0424596478223,0.000000
4052,0.0671481173568,1.000000
18380,0.00568796528823,0.000000
18191,0.334983615198,1.000000
17776,0.132759788059,0.000000
17625,0.238465003488,0.000000
14989,0.000627394112925,0.000000
9808,0.443946131621,1.000000
11698,0.0537035118417,0.000000
8390,0.0218599865296,0.000000
17836,0.000652726872274,0.000000
1625,0.0456591594882,0.000000
10841,0.282351574861,0.000000
1258,0.0392439992026,0.000000
15242,0.00023123640178,0.000000
18254,0.000652726872274,0.000000
11477,0.000716864059712,0.000000
2141,0.115143331712,0.000000
17110,0.0874366198983,0.000000
18115,0.387447751003,1.000000
306,0.632977992018,0.000000
7882,0.125404350279,0.000000
2057,0.000546537664296,0.000000
3299,0.000729765836885,0.000000
13128,0.00869339642812,0.000000
15439,0.629237803596,1.000000
1310,0.0774507187006,0.000000
929,0.00035643675767,0.000000
4750,0.497618946538,1.000000
15558,0.0520639035782,0.000000
12107,0.122263017268,0.000000
15547,0.131821602963,0.000000
430,0.483629562611,0.000000
12605,0.000122569576449,0.000000
943,0.00568796528823,0.000000
17288,0.000931549024329,0.000000
13955,0.579077579785,0.000000
9327,0.000272507856889,0.000000
16352,0.310937377352,1.000000
5997,0.057817916482,0.000000
11401,0.00015614679648,0.000000
9616,0.000166392466694,0.000000
2997,0.297268514071,1.000000
3386,0.0643920428979,0.000000
16124,0.000962858020132,0.000000
15034,0.00020730314943,0.000000
9214,0.000660555133639,0.000000
16314,0.0971941907869,0.000000
14321,0.000142980155426,0.000000
13901,0.114619972519,0.000000
1214,0.000357002940527,0.000000
12095,0.00148989534896,0.000000
6463,0.000117549239934,0.000000
7157,0.000609461593232,0.000000
17283,0.23822416124,0.000000
2015,0.132350486236,0.000000
2807,0.000518874188237,0.000000
8618,0.00108191831339,0.000000
5444,0.179559292645,0.000000
15211,0.0281296748089,0.000000
4657,0.0727301930613,0.000000
788,0.00484094275265,0.000000
13112,0.713392119697,0.000000
2940,0.119918715527,0.000000
9936,0.0130288544089,0.000000
8663,0.0414649448692,0.000000
9163,0.013817113486,0.000000
18409,0.604019827328,1.000000
2571,0.250548069337,0.000000
4274,0.302455275742,1.000000
17470,0.0396649752502,0.000000
12372,0.000275663235732,0.000000
2144,5.14670374254e-05,0.000000
9664,0.156149407784,0.000000
18537,0.00260434905312,0.000000
6414,0.161596198859,0.000000
17153,0.000535466097373,0.000000
12722,0.0033684133184,0.000000
14705,0.0239117033891,0.000000
16748,0.00278285298752,0.000000
12407,0.0849453518095,0.000000
8489,0.0896803119926,0.000000
5312,0.00120115377818,0.000000
6583,0.000637001167878,0.000000
2963,0.283365522718,1.000000
3160,0.000624730748827,0.000000
13220,0.00145560773871,0.000000
6020,0.154751229813,0.000000
2431,0.0250027321385,0.000000
15988,0.359200282098,0.000000
7564,0.000359367575226,0.000000
13028,0.000686293452674,0.000000
9882,0.000392322180965,0.000000
12494,0.00147803934828,0.000000
18443,0.332716802754,0.000000
9226,0.000860068560839,0.000000
8137,0.000316271927752,0.000000
16504,0.000886432101206,0.000000
11620,0.211717435982,0.000000
6051,0.198646756786,0.000000
4090,0.00380081253217,0.000000
13205,0.406835429224,1.000000
12317,0.00135352625664,0.000000
2305,0.00392987781571,0.000000
9912,0.000639999820666,0.000000
15791,0.112979225268,0.000000
9146,0.530996879707,0.000000
6962,0.00175971360453,0.000000
515,0.0010122143674,0.000000
4624,0.229171228356,0.000000
13307,0.23136154216,0.000000
13533,0.114044739778,0.000000
11483,0.150189522333,0.000000
17656,0.000371522950237,0.000000
16188,0.000770696509921,0.000000
4800,0.0384109260448,0.000000
7850,0.0654015484871,0.000000
8696,0.0141145815366,0.000000
651,0.00108191831339,0.000000
14352,0.00123023131489,0.000000
3755,0.118546592539,0.000000
3690,0.0038980118331,0.000000
12625,0.047899737252,0.000000
7834,0.0184518873533,0.000000
8841,0.0457642167171,0.000000
7851,0.319062035963,1.000000
4004,0.000238514448672,0.000000
5669,4.8221210127e-05,0.000000
12198,0.245568372776,0.000000
17078,0.283286278886,0.000000
15010,0.0968067125305,0.000000
4849,0.00105932403243,0.000000
6783,0.000146404323234,0.000000
6237,0.00149268218403,0.000000
18195,0.37446168071,0.000000
11250,0.000931549024329,0.000000
9022,0.0557111480501,0.000000
2879,7.68424854479e-05,0.000000
10016,0.00911418917438,0.000000
18139,0.132553134067,1.000000
4345,0.00155369712275,0.000000
6577,0.0374663443861,0.000000
4169,0.311337103993,0.000000
2066,0.00141846628354,0.000000
15064,0.000552981162288,0.000000
3517,0.000258447904774,0.000000
2460,0.00125676154217,0.000000
9539,0.000835859662383,0.000000
15996,0.0508640532257,0.000000
2123,0.117567883021,0.000000
15017,0.497301950882,1.000000
9183,0.000359367575226,0.000000
8838,0.0265583612712,0.000000
558,0.102781101472,0.000000
8597,0.000101957082566,0.000000
9929,0.00141932664955,0.000000
5296,0.000459378791007,0.000000
9425,0.0243649531934,1.000000
4717,0.0285078570529,0.000000
6344,0.203787234148,0.000000
5114,0.179559292645,0.000000
16605,0.0592780738117,0.000000
14975,0.0654015484871,0.000000
7556,0.00278285298752,0.000000
16789,0.302360260365,0.000000
9537,0.147157162669,0.000000
14260,0.000516003859222,0.000000
9524,0.130581032124,0.000000
17429,0.00145560773871,0.000000
10723,0.0718737019751,0.000000
1876,0.0106639264549,0.000000
16734,0.000609202387738,0.000000
680,0.00148232163793,0.000000
10818,0.197676683576,0.000000
15215,0.000468496235306,0.000000
9122,0.000968438068692,0.000000
10177,0.497301950882,1.000000
5546,0.0089341385491,0.000000
11237,0.0968067125305,0.000000
3379,0.478877329497,1.000000
13031,0.000110115793717,0.000000
15741,0.000169442962052,0.000000
12922,0.00121701634207,0.000000
12647,0.00704608554995,0.000000
3469,0.00026558029551,0.000000
2287,0.198669358766,0.000000
7441,0.000211686267513,0.000000
10020,0.132350486236,0.000000
6380,0.000664135235045,0.000000
5794,0.000220932578835,0.000000
16910,0.000398814732643,0.000000
10533,0.0386307335528,0.000000
3122,0.260756550903,0.000000
14158,0.0663681864728,0.000000
8950,0.0795393144305,0.000000
6884,0.000516003859222,0.000000
2884,0.106978893525,0.000000
4811,0.000624730748827,0.000000
2525,0.00598942155166,0.000000
10574,0.424428104533,0.000000
14872,0.255123888161,0.000000
13590,0.163645430576,0.000000
10760,0.0012429782381,0.000000
6999,0.000213874426201,0.000000
12504,0.0355248680212,0.000000
17454,0.0912224375424,0.000000
11284,0.26620687801,0.000000
4548,0.0357822679331,0.000000
9345,0.330017998803,0.000000
4259,0.000746183030036,0.000000
10630,0.000133069495426,0.000000
11497,0.0855665179443,0.000000
2626,0.113871886926,0.000000
1503,0.00144845255619,0.000000
1257,0.0806984786951,0.000000
1759,0.0336583264431,0.000000
2281,0.0157287899639,0.000000
13682,0.000487120255515,0.000000
9794,0.132371051936,0.000000
3720,0.00110858505174,0.000000
9573,0.245391074521,0.000000
7221,0.00144164417904,0.000000
9756,0.000158010019337,0.000000
16300,0.000115351380946,0.000000
3153,0.33839728571,1.000000
13611,0.328551250625,1.000000
3889,0.00151435071476,0.000000
7018,0.000423659516117,0.000000
6882,0.000109522501248,0.000000
10364,0.0498668674499,0.000000
2786,0.0484047014742,0.000000
11754,0.624010899159,1.000000
449,0.315914231611,0.000000
2642,0.0751471133356,0.000000
1054,0.119095302569,0.000000
12446,0.0252475512407,0.000000
17910,0.125783753022,0.000000
10448,0.579083225866,1.000000
18404,0.000317037303242,0.000000
11496,0.0605805797945,0.000000
397,0.108120528892,0.000000
8810,0.000359367575226,0.000000
9973,0.00568796528823,0.000000
2730,0.00102637388525,0.000000
14067,0.0654015484871,0.000000
18217,0.0244784023387,0.000000
9045,0.635300684498,1.000000
11962,0.00239680939384,0.000000
3544,0.293504623563,0.000000
11624,0.036802039708,0.000000
5171,0.000590418340431,0.000000
14769,0.000652726872274,0.000000
4096,0.0435477447365,0.000000
15551,0.056104631447,0.000000
980,0.000859490926222,0.000000
11947,0.000952330166373,0.000000
7201,0.0671481173568,1.000000
1856,0.0896803119926,0.000000
7206,0.000258149299685,0.000000
5472,0.181690252999,0.000000
4372,0.0765370691594,0.000000
4906,0.0328931720413,0.000000
5958,0.000215780720308,0.000000
6491,0.39190830375,1.000000
17493,0.0252128140702,0.000000
11024,0.0033684133184,0.000000
8213,0.115495714425,0.000000
6843,0.00037482003181,0.000000
11712,0.000359367575226,0.000000
4297,0.000246825835023,0.000000
13841,0.000279873890655,0.000000
10396,0.000821170998212,0.000000
8984,0.408196160881,1.000000
5569,0.373357569314,1.000000
17234,0.00740478763257,0.000000
946,0.00598942155166,0.000000
13053,0.000549681036498,0.000000
10357,0.000758173350697,0.000000
3595,0.000359367575226,0.000000
12968,0.000682005351363,0.000000
11125,0.000359367575226,0.000000
14568,0.544426350604,1.000000
5423,0.306747214115,1.000000
8023,0.120918082035,0.000000
12584,7.25814862214e-05,0.000000
7619,0.0448161587276,0.000000
17180,0.000696138064106,0.000000
4424,0.00672824239816,0.000000
9273,0.001393006441,0.000000
10662,0.00151230540286,0.000000
11797,0.0945749935775,0.000000
3692,0.537764102471,1.000000
1565,0.047899737252,0.000000
6326,0.161596198859,0.000000
17356,0.00140883390429,0.000000
16969,0.0116690343369,0.000000
7480,0.469303912489,0.000000
12434,0.0393890973844,0.000000
6201,0.0135354247303,0.000000
15265,0.0770758627394,0.000000
7493,0.0142174974613,0.000000
2406,0.627389997862,1.000000
3468,0.000860068560839,0.000000
2370,0.000281617364648,0.000000
9862,0.000482860110873,0.000000
15893,0.0038980118331,0.000000
6192,0.0518543336459,0.000000
10903,0.017753723345,0.000000
9511,0.0913164501538,0.000000
7743,0.0654015484871,0.000000
17524,0.000491126140631,0.000000
1842,0.0157287899639,0.000000
10758,0.0441564696556,0.000000
17133,0.0502301857026,0.000000
9073,0.00568796528823,0.000000
7736,0.0392439992026,0.000000
7422,0.000315074207382,0.000000
14015,0.000235527355302,0.000000
11278,0.000503815227719,0.000000
7511,0.000189951767183,0.000000
4348,0.290379462479,0.000000
15576,0.00137826829794,0.000000
9031,0.0357387826789,0.000000
9498,0.000362461681696,0.000000
9885,0.0285897604268,0.000000
12765,0.021223266773,0.000000
5650,0.288131110378,0.000000
988,0.110363184366,0.000000
17028,0.393575384838,0.000000
14867,0.0944173922151,0.000000
15499,0.566781051645,0.000000
6854,0.0271922422141,0.000000
14760,0.344619091659,0.000000
1194,0.0265583612712,0.000000
223,0.225127852866,0.000000
17818,0.00140883390429,0.000000
4880,0.000481369557762,0.000000
16738,0.0402514181692,0.000000
15315,0.00142065876179,0.000000
8495,0.24832115307,0.000000
8442,0.000227169485836,0.000000
7352,0.000931549024329,0.000000
5209,9.15506809461e-05,0.000000
8997,0.0392439992026,0.000000
9150,0.045997354501,0.000000
6589,0.471130908835,1.000000
3741,0.343814189108,1.000000
4464,0.116064387891,0.000000
6946,0.0323396332091,0.000000
15100,0.0294767075791,0.000000
8369,0.119918715527,0.000000
10756,0.339483524678,0.000000
4276,0.0882135563759,0.000000
4309,0.326209508568,0.000000
9008,0.468634308967,0.000000
9647,0.0447254922318,0.000000
14958,0.00974426472805,0.000000
14390,0.107029350508,0.000000
13382,0.0142010922251,1.000000
3004,0.0265900753701,0.000000
16040,0.0523121841373,0.000000
14970,0.00199950149908,1.000000
4673,0.115555445227,0.000000
15589,0.00153596034588,0.000000
5265,0.0654443187572,0.000000
10202,0.0944173922151,0.000000
15456,0.286197544577,1.000000
16376,0.331801514224,0.000000
18150,0.132060637658,0.000000
3904,0.0423826196242,0.000000
4825,0.000126743873524,0.000000
2405,0.0506969070665,0.000000
5573,0.203787234148,0.000000
11877,0.000337244981422,0.000000
10860,9.90947085818e-05,0.000000
13732,0.0499877985761,0.000000
3647,0.000459212971234,0.000000
869,0.00568796528823,0.000000
4288,0.047899737252,0.000000
15401,0.000817408197469,0.000000
766,6.18224615222e-05,0.000000
3548,0.00740478763257,0.000000
13414,0.170754089792,0.000000
7585,0.0423826196242,0.000000
5448,0.00568796528823,0.000000
6018,0.0593315174968,0.000000
13331,0.10899185301,0.000000
18451,0.516708676613,0.000000
13371,0.443369700121,1.000000
18029,0.0609208388991,0.000000
2274,0.0795393144305,0.000000
13399,0.0622296560821,0.000000
8862,0.000503836655701,0.000000
12005,0.0799874036211,0.000000
11527,0.130159390846,1.000000
3674,0.0474838429491,1.000000
11197,0.00112258681314,0.000000
2824,0.0705968559713,0.000000
7369,0.0397403652805,0.000000
4865,0.000246825835023,0.000000
12596,0.00568796528823,0.000000
5828,0.118248803339,0.000000
11472,0.12007529489,0.000000
3480,0.00095378563631,0.000000
199,0.0110390334158,0.000000
9737,0.000652726872274,0.000000
18484,0.158638680931,0.000000
17627,0.373622420048,0.000000
1421,0.497715846692,1.000000
9302,0.0012846907052,0.000000
9925,0.0350791878539,0.000000
11766,0.564861390181,0.000000
5742,0.452403861543,0.000000
1337,0.000835356669436,0.000000
9475,6.624156831e-05,0.000000
15199,0.0640478195114,0.000000
13178,0.0865538811384,0.000000
10518,0.0473455833882,0.000000
6688,0.0855665179443,0.000000
18399,0.100141818233,1.000000
8253,0.00119941112202,0.000000
3782,0.107879703207,0.000000
11746,0.10597573359,0.000000
17498,0.0725933856246,0.000000
16581,0.000453413244247,0.000000
3228,0.0719024059293,0.000000
2736,0.00116299598119,0.000000
7210,0.0250644852195,0.000000
15712,0.00137003710258,0.000000
1379,0.492336407393,0.000000
3234,0.0329182038865,0.000000
5359,0.292852137141,1.000000
9217,0.033902230628,0.000000
184,0.16730450911,0.000000
11419,0.0768107368148,0.000000
5866,0.410634368293,0.000000
8830,0.000213638115201,0.000000
5871,0.118764335451,0.000000
16673,0.442646259969,0.000000
16557,0.0157164620897,0.000000
11096,0.0381766432185,0.000000
11348,0.0524954313171,0.000000
13468,0.000946421373089,0.000000
12897,0.000516003859222,0.000000
14516,0.10899185301,0.000000
8072,0.0576174279239,0.000000
4013,0.0238457238871,0.000000
11823,0.00136929224791,0.000000
1771,0.0666371414502,1.000000
4781,0.00869339642812,0.000000
4785,2.24426784602e-05,0.000000
11245,0.047899737252,0.000000
5266,0.00023165297591,0.000000
13977,0.000420503916219,0.000000
10996,0.671836223382,1.000000
1814,0.235374995398,0.000000
9250,0.0150994710904,0.000000
14023,0.00104584386093,0.000000
4966,0.000732539335945,0.000000
9932,0.0120290715514,0.000000
5207,0.0181598753039,0.000000
14985,0.0312193705962,0.000000
8049,0.000516003859222,0.000000
238,0.500137212238,0.000000
2823,0.000359367575226,0.000000
12289,0.000607287111511,0.000000
16890,0.000517494726366,0.000000
15445,0.109670690281,0.000000
11907,0.000253200507916,0.000000
1740,0.000754052301509,0.000000
3727,0.463742848334,1.000000
6341,0.0365290071755,0.000000
10445,0.294548010564,0.000000
4180,0.00125995148667,0.000000
5014,0.000134455121623,0.000000
4116,0.000977902938417,0.000000
9453,0.000879974175274,0.000000
17937,0.0835890725865,0.000000
16616,0.000327434349933,0.000000
12564,0.109777604882,0.000000
16426,0.481991386191,1.000000
11534,0.320159761213,0.000000
13427,0.0323045532642,0.000000
8593,0.00106890421336,0.000000
7804,0.0777699957187,0.000000
12029,0.269804724598,0.000000
11340,0.0126543834287,0.000000
14863,0.00137151780423,0.000000
14441,0.0832584810693,0.000000
12714,0.11759752095,0.000000
8968,0.000236753833411,0.000000
4941,0.0125681443944,0.000000
1572,0.00019455834851,0.000000
3974,0.00158898708131,0.000000
11772,0.446921114873,1.000000
14391,0.0594471042186,0.000000
1988,0.212526975019,0.000000
14618,0.349221847356,0.000000
12241,0.0488131489952,0.000000
9402,0.0151312908515,0.000000
6185,0.106857853929,0.000000
6127,0.0038980118331,0.000000
16178,0.0669636192034,0.000000
18161,0.0269005878302,0.000000
7424,0.00133404372661,0.000000
11105,0.225153038083,0.000000
5641,0.548441165338,1.000000
10411,0.0137639680744,0.000000
413,0.213964329276,0.000000
3215,0.172168878794,0.000000
17267,0.0165650209865,0.000000
6099,0.000652726872274,0.000000
1534,0.000171876825665,0.000000
13631,0.0621770815585,0.000000
10361,0.0038980118331,0.000000
13959,0.077831713466,0.000000
408,0.047899737252,0.000000
17375,0.00089366508963,0.000000
10994,0.11724477435,0.000000
3454,0.024569359162,0.000000
9875,0.00130509890386,0.000000
17538,0.373758269861,1.000000
1501,0.00110858505174,0.000000
5521,0.000577562070651,0.000000
16305,0.190608291991,0.000000
13935,0.0884127040861,0.000000
1570,0.170054158196,0.000000
11157,0.0286759807218,0.000000
17783,0.000359367575226,0.000000
16121,0.108257932207,0.000000
1218,0.000766436417119,0.000000
15598,0.449798104939,0.000000
2653,0.00777367285987,0.000000
13267,0.274578714847,0.000000
11853,0.100069584509,0.000000
17182,0.000554769358664,0.000000
5874,0.237895856777,0.000000
3136,0.687723315053,1.000000
7435,0.444973319004,1.000000
9775,0.00740478763257,0.000000
10624,0.000518874188237,0.000000
12942,0.000249228875002,0.000000
7099,0.047899737252,0.000000
17010,0.000523827507198,0.000000
10182,0.245781785518,0.000000
15986,0.508156975328,1.000000
18373,0.268754957224,0.000000
10833,0.00740478763257,0.000000
9367,0.00122353100075,0.000000
1714,0.000483203591589,0.000000
6675,0.0529272541482,0.000000
17531,0.000460506369712,0.000000
4167,0.120151454614,0.000000
8625,0.103557777626,0.000000
5665,0.0524006177257,0.000000
17300,0.000552960132977,0.000000
12941,0.390249135858,1.000000
4200,0.514568572994,0.000000
1858,0.0665342055051,0.000000
13276,0.000868718996419,0.000000
15835,0.00844727701517,0.000000
16118,0.000251131142461,0.000000
1357,0.000113143459338,0.000000
16912,0.236839935191,0.000000
17812,0.0338100862251,0.000000
16844,0.000439602694248,0.000000
10074,5.63793184529e-05,0.000000
15238,0.00156111960974,0.000000
6732,0.0465502879178,0.000000
18298,0.158551851682,0.000000
9837,0.146924669208,0.000000
12159,0.0385714258593,0.000000
11924,0.000786700944028,0.000000
11926,0.101326844316,0.000000
8295,0.0075800934649,0.000000
18108,0.00216174593245,0.000000
17151,0.0510032836719,0.000000
5168,0.210435044816,0.000000
104,0.4964009684,1.000000
9246,0.000974811734455,0.000000
17642,0.000113143459338,0.000000
16756,0.106893041455,0.000000
5113,0.301990612222,0.000000
3859,0.00121880138795,0.000000
13947,0.116159040671,1.000000
6206,0.00121887039801,0.000000
9385,0.000887299087692,0.000000
6084,0.000359367575226,0.000000
3047,0.000638095291889,0.000000
4363,0.00137739798289,0.000000
5476,0.374356884155,1.000000
15915,0.388356601625,0.000000
2859,0.0038980118331,0.000000
2055,0.0216908437177,0.000000
13235,0.0205273165254,0.000000
12475,0.001465649716,0.000000
10430,0.00135352625664,0.000000
8875,0.0328931720413,0.000000
2684,0.000631190686871,0.000000
11963,0.152652856096,0.000000
10382,0.000794851287924,0.000000
17934,0.262480447754,0.000000
780,6.56953470153e-05,0.000000
11640,0.000834790522072,0.000000
10805,0.00887050058618,0.000000
7211,0.330656541964,0.000000
1451,0.0395832484655,0.000000
13295,0.170054158196,0.000000
302,0.000359367575226,0.000000
3118,0.0459357912857,0.000000
9727,0.000773845292384,0.000000
4523,0.00740478763257,0.000000
8122,0.0641893842533,0.000000
8469,0.000111888883363,0.000000
1324,0.0122425769889,0.000000
17127,0.000133069495426,0.000000
14043,0.0157879211964,0.000000
991,0.0480566768027,0.000000
16269,0.000931549024329,0.000000
1418,0.124817579504,0.000000
2308,0.0386502565527,1.000000
12969,0.133403750708,0.000000
2177,0.491580155398,0.000000
13908,0.267972944639,0.000000
5658,0.431269904023,1.000000
7243,0.000359367575226,0.000000
9637,0.0392439992026,0.000000
9654,0.593190430214,1.000000
16396,0.198595821677,0.000000
1620,0.0542878024512,0.000000
14588,0.217414086216,0.000000
6534,0.115134982707,0.000000
5837,0.00635857209753,0.000000
12414,0.000113143459338,0.000000
17171,0.000392856189191,0.000000
7319,0.374758405082,0.000000
16131,0.0857526805266,0.000000
11964,0.280619250113,1.000000
10577,0.000750931509541,0.000000
18507,0.0120290715514,0.000000
16841,0.00015509918819,0.000000
4631,0.000347011446612,0.000000
6839,0.0729080574578,0.000000
